dataset_id	method_id	correct_format	finished	mean_pearson	mean_spearman	mse	msle
10x_5k_pbmc_protein_v3_nextgem_PM_adt2gex	baseline_knn	1	1	0.0288695796295261	0.025678618100911994	118.69835682542184	0.888912006790797
10x_5k_pbmc_protein_v3_nextgem_PM_adt2gex	baseline_linearmodel	1	1	0.12229363875823321	0.10882366815012763	40.89304036249653	0.43895986335651904
10x_5k_pbmc_protein_v3_nextgem_PM_adt2gex	baseline_randomforest	0	0	-1	-1	Inf	Inf
10x_5k_pbmc_protein_v3_nextgem_PM_adt2gex	dummy_constant	1	1	0	0	14.347942608611383	0.11185273413192581
10x_5k_pbmc_protein_v3_nextgem_PM_adt2gex	dummy_random	1	1	0.002924451469410863	0.0024820534914940197	366.65291569408015	1.6721076458751785
10x_5k_pbmc_protein_v3_nextgem_PM_adt2gex	dummy_solution	1	1	0.9934999999999933	0.9999999999999994	0	0
10x_5k_pbmc_protein_v3_nextgem_PM_adt2gex	dummy_zeros	1	1	0	0	319.5051476944511	1.7484213852236272
10x_5k_pbmc_protein_v3_nextgem_PM_gex2adt	baseline_knn	1	1	0.21253472140032376	0.116179659241619	7225.215845234815	0.8574365559289032
10x_5k_pbmc_protein_v3_nextgem_PM_gex2adt	baseline_linearmodel	1	1	0.30405562540130654	0.1343205484568007	5915.013199113573	2.7696106281351356
10x_5k_pbmc_protein_v3_nextgem_PM_gex2adt	baseline_randomforest	1	1	0.29353741087474094	0.1285535071120668	106035.50007269243	5.734304374354036
10x_5k_pbmc_protein_v3_nextgem_PM_gex2adt	dummy_constant	1	1	0	0	6394.293658638681	1.9742436632349982
10x_5k_pbmc_protein_v3_nextgem_PM_gex2adt	dummy_random	1	1	0.0015234923815843095	0.0018739567215218438	21334.87121950398	1.5248975434851704
10x_5k_pbmc_protein_v3_nextgem_PM_gex2adt	dummy_solution	1	1	0.9687499999999853	1.0000000000000144	0	0
10x_5k_pbmc_protein_v3_nextgem_PM_gex2adt	dummy_zeros	1	1	0	0	8724.947828607077	2.577040578266466
10x_5k_pbmc_protein_v3_PM_adt2gex	baseline_knn	1	1	0.1365699661182916	0.11710043920848216	105.7774090968432	0.7831588777478486
10x_5k_pbmc_protein_v3_PM_adt2gex	baseline_linearmodel	1	1	0.23002394303603074	0.16197704975210114	9.621421578619433	0.15957549619496292
10x_5k_pbmc_protein_v3_PM_adt2gex	baseline_randomforest	0	0	-1	-1	Inf	Inf
10x_5k_pbmc_protein_v3_PM_adt2gex	dummy_constant	1	1	0	0	10.847189378228498	0.12005873501927851
10x_5k_pbmc_protein_v3_PM_adt2gex	dummy_random	1	1	1.9437231127933136e-4	5.601884164110138e-4	282.4388635715386	1.7843388665029947
10x_5k_pbmc_protein_v3_PM_adt2gex	dummy_solution	1	1	0.9929999999999947	0.9999999999999994	0	0
10x_5k_pbmc_protein_v3_PM_adt2gex	dummy_zeros	1	1	0	0	248.65719124163823	1.8962370885675122
10x_5k_pbmc_protein_v3_PM_gex2adt	baseline_knn	1	1	0.25279003730677313	0.13882638368935646	10837.926988765415	0.8299153826809922
10x_5k_pbmc_protein_v3_PM_gex2adt	baseline_linearmodel	1	1	0.29495686812420685	0.149964408217871	7847.729097557422	3.2276003043373165
10x_5k_pbmc_protein_v3_PM_gex2adt	baseline_randomforest	1	1	0.3069239387755281	0.16684316489516382	9890.563668852035	1.3780595009371275
10x_5k_pbmc_protein_v3_PM_gex2adt	dummy_constant	1	1	0	0	9475.644104570936	1.8572898569639573
10x_5k_pbmc_protein_v3_PM_gex2adt	dummy_random	1	1	-0.0010399499491701811	-0.0016855215094470032	24704.51372164888	1.5094807258482394
10x_5k_pbmc_protein_v3_PM_gex2adt	dummy_solution	1	1	0.9374999999999993	0.9999999999999816	0	0
10x_5k_pbmc_protein_v3_PM_gex2adt	dummy_zeros	1	1	0	0	12743.329144418998	2.6839854290237466
10x_e18_mouse_brain_fresh_5k_PM_atac2gex	baseline_knn	1	1	0.3191675063748598	0.40692836366291524	226.31517541300965	0.85600640270701
10x_e18_mouse_brain_fresh_5k_PM_atac2gex	baseline_linearmodel	1	1	0.4073923661136714	0.36853118036799637	53.27407040532724	0.27947501168103117
10x_e18_mouse_brain_fresh_5k_PM_atac2gex	baseline_randomforest	1	1	0.4283429752840347	0.494536541509258	199.9456172141003	0.9283678562190424
10x_e18_mouse_brain_fresh_5k_PM_atac2gex	dummy_constant	1	1	0	0	57.468219500988845	0.4326199682505207
10x_e18_mouse_brain_fresh_5k_PM_atac2gex	dummy_random	1	1	-1.230557118849565e-4	-0.003139109144645989	394.65014841651595	2.0830134488564136
10x_e18_mouse_brain_fresh_5k_PM_atac2gex	dummy_solution	1	1	0.9955000000000004	1.0000000000000004	0	0
10x_e18_mouse_brain_fresh_5k_PM_atac2gex	dummy_zeros	1	1	0	0	367.16371808392836	2.302584978920119
10x_e18_mouse_brain_fresh_5k_PM_gex2atac	baseline_knn	1	1	0.2833868224139997	0.3675971136841004	44.46485416065103	1.4395091939054037
10x_e18_mouse_brain_fresh_5k_PM_gex2atac	baseline_linearmodel	1	1	0.36364157695781707	0.32233094169031096	1.504868145783379	0.1246675036323929
10x_e18_mouse_brain_fresh_5k_PM_gex2atac	baseline_randomforest	1	1	0.33072048107247515	0.3417627512203801	22.123674899434462	1.238744351961673
10x_e18_mouse_brain_fresh_5k_PM_gex2atac	dummy_constant	1	1	0	0	1.7786988049174055	0.16454602619941883
10x_e18_mouse_brain_fresh_5k_PM_gex2atac	dummy_random	1	1	-0.0029487820688475926	-0.0054113672993432	38.35887064253754	2.1870170083482496
10x_e18_mouse_brain_fresh_5k_PM_gex2atac	dummy_solution	1	1	0.9939999999999992	0.9999999999999999	0	0
10x_e18_mouse_brain_fresh_5k_PM_gex2atac	dummy_zeros	1	1	0	0	28.21393802298843	2.2512897599309003
10x_human_brain_3k_PM_atac2gex	baseline_knn	1	1	0.4337164050411072	0.5455624652941086	366.37887257533237	1.0140505808139566
10x_human_brain_3k_PM_atac2gex	baseline_linearmodel	1	1	0.465623900325128	0.45811307451393807	86.68476225764188	0.49919253558132143
10x_human_brain_3k_PM_atac2gex	baseline_randomforest	1	1	0.5153749016071953	0.5676987421731007	270.6531321328061	1.258800899106698
10x_human_brain_3k_PM_atac2gex	dummy_constant	1	1	0	0	104.95481903924599	0.6321839392301739
10x_human_brain_3k_PM_atac2gex	dummy_random	1	1	-4.52093836128916e-4	-0.006619638817041653	652.1457980215424	2.852818580709057
10x_human_brain_3k_PM_atac2gex	dummy_solution	1	1	0.9969999999999993	0.9999999999999999	0	0
10x_human_brain_3k_PM_atac2gex	dummy_zeros	1	1	0	0	775.1023269528328	3.0788292012181575
10x_human_brain_3k_PM_gex2atac	baseline_knn	1	1	0.4700055896434832	0.43956818754635424	27.209141992331237	1.0720849499664322
10x_human_brain_3k_PM_gex2atac	baseline_linearmodel	1	1	0.4341835814784902	0.4423273198495805	26.717734046939558	0.91443116072651
10x_human_brain_3k_PM_gex2atac	baseline_randomforest	1	1	0.54566868805595925	0.5055395317898801	19.990265147332543	0.9176225244590258
10x_human_brain_3k_PM_gex2atac	dummy_constant	1	1	0	0	8.340270022906791	0.4285147601422427
10x_human_brain_3k_PM_gex2atac	dummy_random	1	1	0.0028803283081295867	-0.0026475486170201247	62.034847705705225	2.6047308314359348
10x_human_brain_3k_PM_gex2atac	dummy_solution	1	1	0.9965	0.9999999999999999	0	0
10x_human_brain_3k_PM_gex2atac	dummy_zeros	1	1	0	0	70.53124316721258	2.855886151437928
10x_lymph_node_lymphoma_14k_PM_atac2gex	baseline_knn	1	1	0.3754525051839893	0.2650508779025458	19.583600986505825	0.5578463006400648
10x_lymph_node_lymphoma_14k_PM_atac2gex	baseline_linearmodel	1	1	0.343194099981671	0.34776606374978414	25.054645924852082	0.6410453151918729
10x_lymph_node_lymphoma_14k_PM_atac2gex	baseline_randomforest	1	1	0.3774172862523864	0.3113576892108546	15.192462588097113	0.7214346541633914
10x_lymph_node_lymphoma_14k_PM_atac2gex	dummy_constant	1	1	0	0	9.134861818620234	0.2861421889617143
10x_lymph_node_lymphoma_14k_PM_atac2gex	dummy_random	1	1	1.830727304786715e-4	-4.8919821684536e-4	58.81965654179512	1.2861320164520929
10x_lymph_node_lymphoma_14k_PM_atac2gex	dummy_solution	1	1	0.995500000000001	1	0	0
10x_lymph_node_lymphoma_14k_PM_atac2gex	dummy_zeros	1	1	0	0	50.22921567692304	1.471771077025548
10x_lymph_node_lymphoma_14k_PM_gex2atac	baseline_knn	1	1	0.20736840706061602	0.15031492265889915	6.6851695676639835	0.8000685614038865
10x_lymph_node_lymphoma_14k_PM_gex2atac	baseline_linearmodel	1	1	0.2593174100353843	0.261685881608281	3.935953683194266	0.5600509335415393
10x_lymph_node_lymphoma_14k_PM_gex2atac	baseline_randomforest	1	1	0.27153058744372166	0.23355286437859624	4.166949658176758	0.6588827281161442
10x_lymph_node_lymphoma_14k_PM_gex2atac	dummy_constant	1	1	0	0	1.6182928008013011	0.19139641988753106
10x_lymph_node_lymphoma_14k_PM_gex2atac	dummy_random	1	1	0.003957896959175582	0.001801841022766777	15.03704747571413	1.6398566319614638
10x_lymph_node_lymphoma_14k_PM_gex2atac	dummy_solution	1	1	0.9959999999999993	0.9999999999999996	0	0
10x_lymph_node_lymphoma_14k_PM_gex2atac	dummy_zeros	1	1	0	0	16.84655919200417	1.7804656891281954
10x_malt_10k_protein_v3_PM_adt2gex	baseline_knn	1	1	0.11838431194060274	0.1311916289301577	107.56761838813212	0.9051395625872691
10x_malt_10k_protein_v3_PM_adt2gex	baseline_linearmodel	1	1	0.1495648723936775	0.15123396662308322	37.5403379438098	0.47227616287175705
10x_malt_10k_protein_v3_PM_adt2gex	baseline_randomforest	0	0	-1	-1	Inf	Inf
10x_malt_10k_protein_v3_PM_adt2gex	dummy_constant	1	1	0	0	21.992764954874136	0.12349023681811862
10x_malt_10k_protein_v3_PM_adt2gex	dummy_random	1	1	-7.901194691816564e-4	0.001162089959608406	849.8084974768674	1.9992231724447875
10x_malt_10k_protein_v3_PM_adt2gex	dummy_solution	1	1	0.9935000000000168	0.9999999999999992	0	0
10x_malt_10k_protein_v3_PM_adt2gex	dummy_zeros	1	1	0	0	555.6091726616243	2.1014931310020866
10x_malt_10k_protein_v3_PM_gex2adt	baseline_knn	1	1	0.1162452660653494	0.1551449497643007	100985.78995447824	0.9637378263433878
10x_malt_10k_protein_v3_PM_gex2adt	baseline_linearmodel	1	1	0.20736888850852941	0.20990519868660965	95905.70901106774	5.761518746336835
10x_malt_10k_protein_v3_PM_gex2adt	baseline_randomforest	1	1	0.1307220524917694	0.21023403521143394	717528.734624558	1.2537451768708499
10x_malt_10k_protein_v3_PM_gex2adt	dummy_constant	1	1	0	0	107843.12080802854	2.3253589549088427
10x_malt_10k_protein_v3_PM_gex2adt	dummy_random	1	1	-1.0558633150738827e-4	0.002205953902356688	267956.59066857275	1.5919559932906056
10x_malt_10k_protein_v3_PM_gex2adt	dummy_solution	1	1	1.0000000000000058	1.00000000000001	0	0
10x_malt_10k_protein_v3_PM_gex2adt	dummy_zeros	1	1	0	0	110965.34362308943	6.776441476952951
10x_pbmc_10k_protein_v3_PM_adt2gex	baseline_knn	1	1	0.05112990212199955	0.04208635159806198	197.02465322610084	1.0232463890683667
10x_pbmc_10k_protein_v3_PM_adt2gex	baseline_linearmodel	1	1	0.0638558600679621	0.05453135860312208	49.6190200401124	0.36303532643411707
10x_pbmc_10k_protein_v3_PM_adt2gex	baseline_randomforest	0	0	-1	-1	Inf	Inf
10x_pbmc_10k_protein_v3_PM_adt2gex	dummy_constant	1	1	0	0	38.94481002120031	0.11623099464662395
10x_pbmc_10k_protein_v3_PM_adt2gex	dummy_random	1	1	-4.3496989057678403e-4	-7.29306516729871e-4	1902.152952381562	1.9775889448355224
10x_pbmc_10k_protein_v3_PM_adt2gex	dummy_solution	1	1	0.9929999999999901	1.0000000000000018	0	0
10x_pbmc_10k_protein_v3_PM_adt2gex	dummy_zeros	1	1	0	0	1086.048784113322	2.0680971771728505
10x_pbmc_10k_protein_v3_PM_gex2adt	baseline_knn	1	1	0.26530556046194825	0.2227510251703199	125528.85217124088	1.1325217376145713
10x_pbmc_10k_protein_v3_PM_gex2adt	baseline_linearmodel	1	1	0.3332664407043682	0.17988982173981194	85739.37560811055	4.895884970517273
10x_pbmc_10k_protein_v3_PM_gex2adt	baseline_randomforest	1	1	0.2500385659829588	0.17278691333131177	243441.21670920108	2.539537051775238
10x_pbmc_10k_protein_v3_PM_gex2adt	dummy_constant	1	1	0	0	97588.08887963629	2.6765369071432343
10x_pbmc_10k_protein_v3_PM_gex2adt	dummy_random	1	1	7.530514867869942e-4	2.6836187217694113e-4	200614.02269100535	1.9288795088291835
10x_pbmc_10k_protein_v3_PM_gex2adt	dummy_solution	1	1	1.0000000000000064	1.0000000000000053	0	0
10x_pbmc_10k_protein_v3_PM_gex2adt	dummy_zeros	1	1	0	0	104046.37449399706	7.354411286159139
10x_pbmc_1k_protein_v3_PM_adt2gex	baseline_knn	1	1	0.09052670309169453	0.14486752009508544	522.4709133837489	1.5308772344997579
10x_pbmc_1k_protein_v3_PM_adt2gex	baseline_linearmodel	1	1	0.16646254560610949	0.183385861947292	163.07706236835816	0.585791521371738
10x_pbmc_1k_protein_v3_PM_adt2gex	baseline_randomforest	1	1	0.1284110064027459	0.15614691511909157	471.16706916283266	1.2998414922187185
10x_pbmc_1k_protein_v3_PM_adt2gex	dummy_constant	1	1	0	0	146.02103368724602	0.5557732926509494
10x_pbmc_1k_protein_v3_PM_adt2gex	dummy_random	1	1	-0.0028116651604784535	6.66235340901295e-4	571.8783883474471	2.114946601121051
10x_pbmc_1k_protein_v3_PM_adt2gex	dummy_solution	1	1	0.9944999999999997	1	0	0
10x_pbmc_1k_protein_v3_PM_adt2gex	dummy_zeros	1	1	0	0	856.889210653788	2.7455755605775445
10x_pbmc_1k_protein_v3_PM_gex2adt	baseline_knn	1	1	0.3034080278935	0.48307485474509115	836786.8647814499	2.9950223747152727
10x_pbmc_1k_protein_v3_PM_gex2adt	baseline_linearmodel	1	1	0.3747203639015482	0.5275484625272135	741732.6022667624	10.163432995625081
10x_pbmc_1k_protein_v3_PM_gex2adt	baseline_randomforest	1	1	0.33834565947038586	0.5523137057762747	694095.7116655076	4.78757346321139
10x_pbmc_1k_protein_v3_PM_gex2adt	dummy_constant	1	1	0	0	808444.4816177988	5.878492239066384
10x_pbmc_1k_protein_v3_PM_gex2adt	dummy_random	1	1	0.012207139939945353	-0.012162669590134647	1213400.9410258674	5.545481722397786
10x_pbmc_1k_protein_v3_PM_gex2adt	dummy_solution	1	1	1.0000000000000007	1	0	0
10x_pbmc_1k_protein_v3_PM_gex2adt	dummy_zeros	1	1	0	0	1004720.834363048	10.21435902616216
10x_pbmc_granulocyte_sorted_10k_PM_atac2gex	baseline_knn	1	1	0.313001250280962	0.36271289020141245	78.03749471780114	0.540341236137799
10x_pbmc_granulocyte_sorted_10k_PM_atac2gex	baseline_linearmodel	1	1	0.44210797551763126	0.28995795563489657	5.510658778927912	0.08687728645258812
10x_pbmc_granulocyte_sorted_10k_PM_atac2gex	baseline_randomforest	0	0	-1	-1	Inf	Inf
10x_pbmc_granulocyte_sorted_10k_PM_atac2gex	dummy_constant	1	1	0	0	8.790304782041291	0.13972723058082948
10x_pbmc_granulocyte_sorted_10k_PM_atac2gex	dummy_random	1	1	-0.001743759909171832	-0.0014885537533243837	112.9053223046112	1.414955229975024
10x_pbmc_granulocyte_sorted_10k_PM_atac2gex	dummy_solution	1	1	0.9930000000000041	0.9999999999999996	0	0
10x_pbmc_granulocyte_sorted_10k_PM_atac2gex	dummy_zeros	1	1	0	0	112.2802433871802	1.5563928397357456
10x_pbmc_granulocyte_sorted_10k_PM_gex2atac	baseline_knn	1	1	0.3631315821035945	0.43991038708095764	15.454054590895565	1.0117804154612742
10x_pbmc_granulocyte_sorted_10k_PM_gex2atac	baseline_linearmodel	1	1	0.44966560082832496	0.34319792095342644	1.7646959691839534	0.13430864790880556
10x_pbmc_granulocyte_sorted_10k_PM_gex2atac	baseline_randomforest	1	1	0.4301972419789601	0.4973728662527372	22.233723198799836	1.1058031065468428
10x_pbmc_granulocyte_sorted_10k_PM_gex2atac	dummy_constant	1	1	0	0	2.2149430163120636	0.19261629706414427
10x_pbmc_granulocyte_sorted_10k_PM_gex2atac	dummy_random	1	1	-0.003045165718920503	-0.0034416539147321193	37.21531462337459	2.45682865162938
10x_pbmc_granulocyte_sorted_10k_PM_gex2atac	dummy_solution	1	1	0.99549999999999506	1.0000000000000007	0	0
10x_pbmc_granulocyte_sorted_10k_PM_gex2atac	dummy_zeros	1	1	0	0	35.27888762385592	2.5269619354030195
10x_pbmc_granulocyte_sorted_3k_PM_atac2gex	baseline_knn	1	1	0.26365929895564133	0.3319316452846678	78.47920720681505	0.5920288107176518
10x_pbmc_granulocyte_sorted_3k_PM_atac2gex	baseline_linearmodel	1	1	0.2603964556640316	0.2334307564537276	18.503805670898327	0.35500811788107967
10x_pbmc_granulocyte_sorted_3k_PM_atac2gex	baseline_randomforest	1	1	0.3331797271995151	0.37393925844988557	184.2751015897237	0.6834645929650661
10x_pbmc_granulocyte_sorted_3k_PM_atac2gex	dummy_constant	1	1	0	0	19.32909300256094	0.32689131353332274
10x_pbmc_granulocyte_sorted_3k_PM_atac2gex	dummy_random	1	1	0.0029319500803135536	0.0038068712450534605	246.47849499218455	1.4482168449343547
10x_pbmc_granulocyte_sorted_3k_PM_atac2gex	dummy_solution	1	1	0.9955000000000008	1	0	0
10x_pbmc_granulocyte_sorted_3k_PM_atac2gex	dummy_zeros	1	1	0	0	133.06671008976434	1.8207558587078507
10x_pbmc_granulocyte_sorted_3k_PM_gex2atac	baseline_knn	1	1	0.21872642182055133	0.27045410399808245	7.462800113313142	0.8668719548058532
10x_pbmc_granulocyte_sorted_3k_PM_gex2atac	baseline_linearmodel	1	1	0.33546335722045134	0.34203069222354415	2.294176994242414	0.2752509393036844
10x_pbmc_granulocyte_sorted_3k_PM_gex2atac	baseline_randomforest	1	1	0.28246716212836503	0.31683152502560674	5.934524171512607	0.7262234168464601
10x_pbmc_granulocyte_sorted_3k_PM_gex2atac	dummy_constant	1	1	0	0	2.600714274242311	0.34129721206806024
10x_pbmc_granulocyte_sorted_3k_PM_gex2atac	dummy_random	1	1	-0.0014994147912030195	-0.001793904332536026	15.748932642897714	1.759382661622667
10x_pbmc_granulocyte_sorted_3k_PM_gex2atac	dummy_solution	1	1	0.9940000000000002	1	0	0
10x_pbmc_granulocyte_sorted_3k_PM_gex2atac	dummy_zeros	1	1	0	0	16.80987625264067	2.0179417625498806
10x_pbmc_unsorted_10k_PM_atac2gex	baseline_knn	1	1	0.31310129175439017	0.331395581285012	39.60648063554006	0.5409749556102357
10x_pbmc_unsorted_10k_PM_atac2gex	baseline_linearmodel	1	1	0.43050451914862936	0.3060224330260218	7.761139425595882	0.1012227494977841
10x_pbmc_unsorted_10k_PM_atac2gex	baseline_randomforest	1	1	0.38949506472673046	0.3957082734532724	38.83998819378786	0.6593921610801726
10x_pbmc_unsorted_10k_PM_atac2gex	dummy_constant	1	1	0	0	11.414463629228703	0.1360351026646847
10x_pbmc_unsorted_10k_PM_atac2gex	dummy_random	1	1	-0.0016440752077517245	-0.0014341706425783371	178.87067662436877	1.3974595661317697
10x_pbmc_unsorted_10k_PM_atac2gex	dummy_solution	1	1	0.9949999999999988	0.9999999999999991	0	0
10x_pbmc_unsorted_10k_PM_atac2gex	dummy_zeros	1	1	0	0	153.33055909695747	1.496175737794694
10x_pbmc_unsorted_10k_PM_gex2atac	baseline_knn	1	1	0.33420692516551637	0.3363154453749496	11.050133928374768	0.9388114343918609
10x_pbmc_unsorted_10k_PM_gex2atac	baseline_linearmodel	1	1	0.3950969951565246	0.3096866066113188	1.0953205385953149	0.14020602722849462
10x_pbmc_unsorted_10k_PM_gex2atac	baseline_randomforest	1	1	0.3854639489242488	0.33379357686061834	22.376238998802783	1.338424096919901
10x_pbmc_unsorted_10k_PM_gex2atac	dummy_constant	1	1	0	0	1.237072266233702	0.1326904428610031
10x_pbmc_unsorted_10k_PM_gex2atac	dummy_random	1	1	8.216086150407145e-4	8.057405732134837e-4	24.68824983381664	2.0783422468192496
10x_pbmc_unsorted_10k_PM_gex2atac	dummy_solution	1	1	0.9940000000000035	0.9999999999999993	0	0
10x_pbmc_unsorted_10k_PM_gex2atac	dummy_zeros	1	1	0	0	22.657536424286665	2.0982971121882437
10x_pbmc_unsorted_3k_PM_atac2gex	baseline_knn	1	1	0.19425780210345528	0.2301922165483612	67.31435688054158	0.5391619652570049
10x_pbmc_unsorted_3k_PM_atac2gex	baseline_linearmodel	1	1	0.21355860512329672	0.21102524675651838	35.73640529211539	0.29919295751939334
10x_pbmc_unsorted_3k_PM_atac2gex	baseline_randomforest	1	1	0.23441530759167098	0.26387366277555024	57.092226443518236	0.6327095873486335
10x_pbmc_unsorted_3k_PM_atac2gex	dummy_constant	1	1	0	0	34.64109596334667	0.27605718973955634
10x_pbmc_unsorted_3k_PM_atac2gex	dummy_random	1	1	6.133690351985875e-4	6.294771605699349e-5	116.74257320954702	1.1741075472439353
10x_pbmc_unsorted_3k_PM_atac2gex	dummy_solution	1	1	0.995	1	0	0
10x_pbmc_unsorted_3k_PM_atac2gex	dummy_zeros	1	1	0	0	214.51066940646584	1.5838493490236525
10x_pbmc_unsorted_3k_PM_gex2atac	baseline_knn	1	1	0.14946992564722403	0.17483732209779368	9.165054039865744	0.9099690224711924
10x_pbmc_unsorted_3k_PM_gex2atac	baseline_linearmodel	1	1	0.1686037562802032	0.17205947684118003	4.7203141435047105	0.5267907383421511
10x_pbmc_unsorted_3k_PM_gex2atac	baseline_randomforest	1	1	0.21293219727504928	0.23517828840773658	6.8406419118107245	0.771149188167683
10x_pbmc_unsorted_3k_PM_gex2atac	dummy_constant	1	1	0	0	3.9269254054093925	0.40699985731002936
10x_pbmc_unsorted_3k_PM_gex2atac	dummy_random	1	1	-0.002466629787229543	-0.0013440357639253706	20.67929377523833	1.7824257874975629
10x_pbmc_unsorted_3k_PM_gex2atac	dummy_solution	1	1	0.9935000000000002	1	0	0
10x_pbmc_unsorted_3k_PM_gex2atac	dummy_zeros	1	1	0	0	22.101955019085928	2.1007604987492163
azimuth_ref_PM_adt2gex	baseline_knn	1	1	0.24514657974045137	0.24602419922288973	268.0385141614309	0.4072630706529824
azimuth_ref_PM_adt2gex	baseline_linearmodel	1	1	0.322170531423653	0.3132417876936194	130.89654580358805	0.2820600481035505
azimuth_ref_PM_adt2gex	baseline_randomforest	0	0	-1	-1	Inf	Inf
azimuth_ref_PM_adt2gex	dummy_constant	1	1	0	0	148.19322337967165	0.399503945492782
azimuth_ref_PM_adt2gex	dummy_random	1	1	4.3190846115075994e-4	6.00285271225881e-4	662.715962538557	1.0335942969825476
azimuth_ref_PM_adt2gex	dummy_solution	1	1	0.9999999999999967	1	0	0
azimuth_ref_PM_adt2gex	dummy_zeros	1	1	0	0	687.0918607938713	2.758759335585219
azimuth_ref_PM_gex2adt	baseline_knn	1	1	0.3169147552477998	0.38585800789043384	7533.234259332771	0.45970111966955685
azimuth_ref_PM_gex2adt	baseline_linearmodel	1	1	0.34184162325627243	0.37626535790298865	6285.254237388601	0.7923702747357679
azimuth_ref_PM_gex2adt	baseline_randomforest	0	0	-1	-1	Inf	Inf
azimuth_ref_PM_gex2adt	dummy_constant	1	1	0	0	8674.247755714074	0.7352213058175823
azimuth_ref_PM_gex2adt	dummy_random	1	1	7.613413473931008e-5	0.0016658825009810909	18280.443829310796	1.2433871651706414
azimuth_ref_PM_gex2adt	dummy_solution	1	1	0.9999999999999921	1	0	0
azimuth_ref_PM_gex2adt	dummy_zeros	1	1	0	0	14052.4173844403	6.115873354912146
babel_GM12878_PM_atac2gex	baseline_knn	1	1	0.0061598989566339505	0.012931687948055355	1687.2499309953464	1.4314243895398067
babel_GM12878_PM_atac2gex	baseline_linearmodel	1	1	-0.18884334140443357	-0.21467502845477532	52507.350809310185	9.405946318268352
babel_GM12878_PM_atac2gex	baseline_randomforest	1	1	0.15360869096010352	0.19029960890010222	740.399169486097	0.6496192283157586
babel_GM12878_PM_atac2gex	dummy_constant	1	1	0	0	667.4655211594696	0.4213042480262222
babel_GM12878_PM_atac2gex	dummy_random	1	1	-6.048676606101537e-6	0.001848798553173745	1488.770427517375	1.1465442280494473
babel_GM12878_PM_atac2gex	dummy_solution	1	1	1	1	0	0
babel_GM12878_PM_atac2gex	dummy_zeros	1	1	0	0	2157.1360999886256	2.8947388379756718
babel_GM12878_PM_gex2atac	baseline_knn	1	1	4.6892145014128397e-4	3.781102858311775e-4	32.746746750507945	2.2726154455128773
babel_GM12878_PM_gex2atac	baseline_linearmodel	1	1	6.636269623206201e-4	6.4862573101866e-4	23.602729955868373	1.8911131681630506
babel_GM12878_PM_gex2atac	baseline_randomforest	1	1	6.07109388194165e-4	5.45882477112416e-4	30.15288844840793	2.234000570633022
babel_GM12878_PM_gex2atac	dummy_constant	1	1	0	0	20.574910776708663	1.7372649409523193
babel_GM12878_PM_gex2atac	dummy_random	1	1	3.7766304692365e-6	-1.163853266814051e-6	43.31985564917584	2.7736913081218426
babel_GM12878_PM_gex2atac	dummy_solution	1	1	0.5349999999999997	0.535	0	0
babel_GM12878_PM_gex2atac	dummy_zeros	1	1	0	0	47.078337205276725	2.8644612462532897
dyngen_atac_1_PM_atac2gex	baseline_knn	1	1	0.2017463427375131	0.204220570890138	21.86323562914621	1.2071260022957364
dyngen_atac_1_PM_atac2gex	baseline_linearmodel	1	1	0.08610852382970752	0.10377518516729414	852.4307602048233	13.283322721997907
dyngen_atac_1_PM_atac2gex	baseline_randomforest	1	1	0.2037037037037037	0.22315944567420856	20.973651629897926	1.1111063488309751
dyngen_atac_1_PM_atac2gex	dummy_constant	1	1	0	0	19.207832416119512	1.1022010215500562
dyngen_atac_1_PM_atac2gex	dummy_random	1	1	-0.014520155528871969	-0.003094649478216175	35.31619930775985	1.6470503902482818
dyngen_atac_1_PM_atac2gex	dummy_solution	1	1	0.992798353909465	0.992798353909465	0	0
dyngen_atac_1_PM_atac2gex	dummy_zeros	1	1	0	0	33.03535836238732	2.5801837940327492
dyngen_atac_1_PM_gex2atac	baseline_knn	1	1	0.10364165780501126	0.11097589609299907	2897.863823163841	7.670724027122281
dyngen_atac_1_PM_gex2atac	baseline_linearmodel	1	1	0.02316115066843563	0.017031172546912773	18987.361388278292	22.595802585314733
dyngen_atac_1_PM_gex2atac	baseline_randomforest	1	1	0.03773584905660377	0.02115398840469896	2440.806788660304	7.229362540922639
dyngen_atac_1_PM_gex2atac	dummy_constant	1	1	0	0	2319.022479998666	7.106263307865951
dyngen_atac_1_PM_gex2atac	dummy_random	1	1	-0.012024188421991508	-0.014212224288020643	3108.1937442792328	7.850088707497423
dyngen_atac_1_PM_gex2atac	dummy_solution	1	1	0.794339622371598	0.9264150943396228	0	0
dyngen_atac_1_PM_gex2atac	dummy_zeros	1	1	0	0	4588.768025062223	12.024551091733699
dyngen_atac_2_PM_atac2gex	baseline_knn	1	1	0.08530741862309511	0.10506349696962013	15.472488114002793	1.072078550927844
dyngen_atac_2_PM_atac2gex	baseline_linearmodel	1	1	-0.10111167494877396	-0.07063988693406333	1899.589816968345	17.587118570200982
dyngen_atac_2_PM_atac2gex	baseline_randomforest	1	1	0.09943824129815937	0.11076503006638307	14.256057863808518	0.9786985362913363
dyngen_atac_2_PM_atac2gex	dummy_constant	1	1	0	0	13.979279612013364	0.9609142877827936
dyngen_atac_2_PM_atac2gex	dummy_random	1	1	-0.014447145288925961	-0.009661897416423636	26.29509251031254	1.4867016683061194
dyngen_atac_2_PM_atac2gex	dummy_solution	1	1	0.9907407407407407	0.9907407407407407	0	0
dyngen_atac_2_PM_atac2gex	dummy_zeros	1	1	0	0	25.303281874072304	2.2210512733235874
dyngen_atac_2_PM_gex2atac	baseline_knn	1	1	0.10650199488502678	0.12021312767721404	2743.926901321215	7.31935476309856
dyngen_atac_2_PM_gex2atac	baseline_linearmodel	1	1	-0.05092037861453509	-0.04485581363906833	10913.363112394962	18.93661605199937
dyngen_atac_2_PM_gex2atac	baseline_randomforest	1	1	-0.010318949343339587	0.0028142589118198874	2571.829260970121	7.482602441308918
dyngen_atac_2_PM_gex2atac	dummy_constant	1	1	0	0	2522.0800871389147	7.498299781403507
dyngen_atac_2_PM_gex2atac	dummy_random	1	1	0.010795336128603873	0.008363165228586463	3215.113232713576	7.961052423569074
dyngen_atac_2_PM_gex2atac	dummy_solution	1	1	0.7992495299639171	0.9315196998123829	0	0
dyngen_atac_2_PM_gex2atac	dummy_zeros	1	1	0	0	4473.885719746759	11.726838657476245
dyngen_atac_3_PM_atac2gex	baseline_knn	1	1	0.19177692612655864	0.22667118845300047	1376575.5965362943	15.453617166087678
dyngen_atac_3_PM_atac2gex	baseline_linearmodel	1	1	0.11268965953966789	0.13783965465167872	32327693.37706528	85.95897865881423
dyngen_atac_3_PM_atac2gex	baseline_randomforest	1	1	0.19635005393402977	0.2451217225745275	1065946.0249269262	12.740614171132187
dyngen_atac_3_PM_atac2gex	dummy_constant	1	1	0	0	1001023.6759983118	12.9848566640174
dyngen_atac_3_PM_atac2gex	dummy_random	1	1	0.017750844498387718	0.020992749865462113	1505888.6350881995	16.9032660927652
dyngen_atac_3_PM_atac2gex	dummy_solution	1	1	0.9959349593495935	0.9959349593495935	0	0
dyngen_atac_3_PM_atac2gex	dummy_zeros	1	1	0	0	1387754.7121338323	34.68082668559139
dyngen_atac_3_PM_gex2atac	baseline_knn	1	1	0.11950970344284559	0.10768608429466728	3082.9186663952946	7.964000099820869
dyngen_atac_3_PM_gex2atac	baseline_linearmodel	1	1	0.010880086701022591	5.267823560083597e-4	48034.42408335104	24.785349357450915
dyngen_atac_3_PM_gex2atac	baseline_randomforest	1	1	-0.010245901639344262	0.0389344262295082	2585.1867091770864	7.820649380814912
dyngen_atac_3_PM_gex2atac	dummy_constant	1	1	0	0	2371.037154886313	7.386440978716289
dyngen_atac_3_PM_gex2atac	dummy_random	1	1	0.004618911507111683	0.0021642496448720143	3231.528388059935	8.257781378114881
dyngen_atac_3_PM_gex2atac	dummy_solution	1	1	0.7643442619561518	0.915983606557377	0	0
dyngen_atac_3_PM_gex2atac	dummy_zeros	1	1	0	0	4189.4856415616505	11.179279426379928
dyngen_citeseq_1_PM_adt2gex	baseline_knn	1	1	0.03637079013579411	0.03607959201911441	33.34641187099081	1.5252529373275763
dyngen_citeseq_1_PM_adt2gex	baseline_linearmodel	1	1	0.21375017012275713	0.22824980597694228	186.3512162734193	3.2363634676966306
dyngen_citeseq_1_PM_adt2gex	baseline_randomforest	1	1	-0.13340381242178864	-0.14356882006452834	28.923450212442443	1.428723467359998
dyngen_citeseq_1_PM_adt2gex	dummy_constant	1	1	0	0	19.207832416119512	1.1022010215500562
dyngen_citeseq_1_PM_adt2gex	dummy_random	1	1	-0.005502517510901024	-7.567573463887683e-4	34.52770363207996	1.6395086579567613
dyngen_citeseq_1_PM_adt2gex	dummy_solution	1	1	0.992798353909465	0.992798353909465	0	0
dyngen_citeseq_1_PM_adt2gex	dummy_zeros	1	1	0	0	33.03535836238732	2.5801837940327492
dyngen_citeseq_1_PM_gex2adt	baseline_knn	1	1	0.0557368787859756	0.0532590352231694	2470229221.5378656	20.531659798704524
dyngen_citeseq_1_PM_gex2adt	baseline_linearmodel	1	1	0.0784229565147964	0.0821377274766978	11463165622.359034	126.5103458918184
dyngen_citeseq_1_PM_gex2adt	baseline_randomforest	1	1	0.0488583515643352	0.0464530160286696	2136875944.348941	11.49060155199997
dyngen_citeseq_1_PM_gex2adt	dummy_constant	1	1	0	0	2051948991.2514734	10.466792551722062
dyngen_citeseq_1_PM_gex2adt	dummy_random	1	1	0.01183383444965818	0.008626850915437221	2428460723.508271	18.05435822183918
dyngen_citeseq_1_PM_gex2adt	dummy_solution	1	1	0.9999999999999996	1	0	0
dyngen_citeseq_1_PM_gex2adt	dummy_zeros	1	1	0	0	4246788711.4272947	103.39889357631827
dyngen_citeseq_2_PM_adt2gex	baseline_knn	1	1	-0.002761915125265566	0.007775364685163498	17.681234193260934	1.1610323449247606
dyngen_citeseq_2_PM_adt2gex	baseline_linearmodel	1	1	-0.034286827683560256	-0.03093369869047211	43.49152898050956	3.6341764467145214
dyngen_citeseq_2_PM_adt2gex	baseline_randomforest	1	1	0.024691358024691357	-0.028611138924235443	16.45189290038797	1.0559108255978376
dyngen_citeseq_2_PM_adt2gex	dummy_constant	1	1	0	0	13.979279612013364	0.9609142877827936
dyngen_citeseq_2_PM_adt2gex	dummy_random	1	1	0.004811280888035764	0.009294611776228298	23.356415337018113	1.439912266726106
dyngen_citeseq_2_PM_adt2gex	dummy_solution	1	1	0.9907407407407407	0.9907407407407407	0	0
dyngen_citeseq_2_PM_adt2gex	dummy_zeros	1	1	0	0	25.303281874072304	2.2210512733235874
dyngen_citeseq_2_PM_gex2adt	baseline_knn	1	1	0.1038441099187968	0.0928964201253254	2808010642.290865	19.54479290805007
dyngen_citeseq_2_PM_gex2adt	baseline_linearmodel	1	1	0.0616963503883904	0.046620340127697196	11459066968.549942	139.38173378013445
dyngen_citeseq_2_PM_gex2adt	baseline_randomforest	1	1	0.0576977721104192	0.0570396627972584	2536224574.225294	17.11157827808409
dyngen_citeseq_2_PM_gex2adt	dummy_constant	1	1	0	0	2544146351.0318584	17.471417664218208
dyngen_citeseq_2_PM_gex2adt	dummy_random	1	1	0.002962680543669519	-2.673877973820995e-4	2975536946.36606	23.152772468499823
dyngen_citeseq_2_PM_gex2adt	dummy_solution	1	1	1.0000000000000004	1	0	0
dyngen_citeseq_2_PM_gex2adt	dummy_zeros	1	1	0	0	4539886089.993798	103.762320577734
dyngen_citeseq_3_PM_adt2gex	baseline_knn	1	1	0.03340456649937042	0.02801510941852239	1283798.5752275083	15.440149791687382
dyngen_citeseq_3_PM_adt2gex	baseline_linearmodel	1	1	0.10233913711973568	0.12505807725917736	4288989.712249775	43.291283862381036
dyngen_citeseq_3_PM_adt2gex	baseline_randomforest	1	1	0.050233632202696	0.07122414022493842	1112320.784805673	13.419178828750445
dyngen_citeseq_3_PM_adt2gex	dummy_constant	1	1	0	0	1001023.6759983118	12.9848566640174
dyngen_citeseq_3_PM_adt2gex	dummy_random	1	1	-0.021684164603712683	-0.025699402085759597	1473812.7777915027	17.139299486945852
dyngen_citeseq_3_PM_adt2gex	dummy_solution	1	1	0.9959349593495935	0.9959349593495935	0	0
dyngen_citeseq_3_PM_adt2gex	dummy_zeros	1	1	0	0	1387754.7121338323	34.68082668559139
dyngen_citeseq_3_PM_gex2adt	baseline_knn	1	1	0.0862615716814754	0.0329043841282468	2046433677.1664546	17.72325302632302
dyngen_citeseq_3_PM_gex2adt	baseline_linearmodel	1	1	0.013652095490415598	0.03629536283926861	22265819992.056923	177.95697475484022
dyngen_citeseq_3_PM_gex2adt	baseline_randomforest	1	1	-0.007791575312006998	0.018637057594007203	1734814411.536	15.26148939506204
dyngen_citeseq_3_PM_gex2adt	dummy_constant	1	1	0	0	1605890678.4761016	15.252900725040739
dyngen_citeseq_3_PM_gex2adt	dummy_random	1	1	-0.00770902760758938	-0.0077226774338437	2118706211.0980875	21.334697298303265
dyngen_citeseq_3_PM_gex2adt	dummy_solution	1	1	1.0000000000000007	1	0	0
dyngen_citeseq_3_PM_gex2adt	dummy_zeros	1	1	0	0	3070743316.00189	96.94201852624302
totalvi_10x_malt_10k_PM_adt2gex	baseline_knn	1	1	0.10205777163596592	0.07994920636582728	160.94918376588078	0.5461606629098578
totalvi_10x_malt_10k_PM_adt2gex	baseline_linearmodel	1	1	0.09288494057829635	0.10710641680906047	73.03440072145874	0.2803283225848243
totalvi_10x_malt_10k_PM_adt2gex	baseline_randomforest	1	1	0.07763839727994007	0.06770713370318128	222.5619133302911	0.7681702768397372
totalvi_10x_malt_10k_PM_adt2gex	dummy_constant	1	1	0	0	73.29505944131475	0.2625090585219025
totalvi_10x_malt_10k_PM_adt2gex	dummy_random	1	1	1.0384642832201046e-4	-5.705342023275955e-4	381.1739867209391	0.9444764815753891
totalvi_10x_malt_10k_PM_adt2gex	dummy_solution	1	1	0.9954999999999996	1	0	0
totalvi_10x_malt_10k_PM_adt2gex	dummy_zeros	1	1	0	0	337.61526538609246	2.256993861988777
totalvi_10x_malt_10k_PM_gex2adt	baseline_knn	1	1	0.45663531893566	0.5656216991019815	474930.53612683027	1.528424511101875
totalvi_10x_malt_10k_PM_gex2adt	baseline_linearmodel	1	1	0.5279114646171872	0.6150660012536243	1138645.4835901053	35.243511803202615
totalvi_10x_malt_10k_PM_gex2adt	baseline_randomforest	1	1	0.5623728177479635	0.63213126707183	407310.09836481174	1.5654594754484403
totalvi_10x_malt_10k_PM_gex2adt	dummy_constant	1	1	0	0	783123.7109328493	3.5172330849477227
totalvi_10x_malt_10k_PM_gex2adt	dummy_random	1	1	0.002705053346121143	-7.194477149707072e-5	1291850.483986141	4.4433381868715065
totalvi_10x_malt_10k_PM_gex2adt	dummy_solution	1	1	1	1	0	0
totalvi_10x_malt_10k_PM_gex2adt	dummy_zeros	1	1	0	0	1042704.695040257	18.198080433617378
totalvi_10x_pbmc_10k_PM_adt2gex	baseline_knn	1	1	0.15099910719101325	0.15836175768985644	82.9559517468407	0.4754210747144238
totalvi_10x_pbmc_10k_PM_adt2gex	baseline_linearmodel	1	1	0.19291660908566013	0.2049331933799283	46.660929347362654	0.2876506130546474
totalvi_10x_pbmc_10k_PM_adt2gex	baseline_randomforest	1	1	0.17571540402635671	0.17957240323524684	96.88726700775929	0.5677192972683699
totalvi_10x_pbmc_10k_PM_adt2gex	dummy_constant	1	1	0	0	48.239132986845014	0.30087763505000487
totalvi_10x_pbmc_10k_PM_adt2gex	dummy_random	1	1	-0.0038130612155214817	-0.005017195080419299	158.2401012160243	0.9839344601997005
totalvi_10x_pbmc_10k_PM_adt2gex	dummy_solution	1	1	0.9914999999999995	1	0	0
totalvi_10x_pbmc_10k_PM_adt2gex	dummy_zeros	1	1	0	0	224.7647869374429	2.2513837098476053
totalvi_10x_pbmc_10k_PM_gex2adt	baseline_knn	1	1	0.37822867877498284	0.36333007305619214	825348.9649525615	2.4924468250758354
totalvi_10x_pbmc_10k_PM_gex2adt	baseline_linearmodel	1	1	0.46206289180685073	0.4132244694558986	1393112.9525970845	26.022756434637035
totalvi_10x_pbmc_10k_PM_gex2adt	baseline_randomforest	1	1	0.5445030989265386	0.45703457750672216	809587.2164214524	2.9474101673290938
totalvi_10x_pbmc_10k_PM_gex2adt	dummy_constant	1	1	0	0	979904.1407622442	4.2628003826018155
totalvi_10x_pbmc_10k_PM_gex2adt	dummy_random	1	1	-0.00501095255583645	-9.283590953798574e-4	2239758.274005997	4.675457145933733
totalvi_10x_pbmc_10k_PM_gex2adt	dummy_solution	1	1	1	1	0	0
totalvi_10x_pbmc_10k_PM_gex2adt	dummy_zeros	1	1	0	0	1277338.4028396078	20.64707509212695
totalvi_10x_pbmc_5k_PM_adt2gex	baseline_knn	1	1	0.21444657513203216	0.21683640716386457	141.91337683398194	0.5762801299370796
totalvi_10x_pbmc_5k_PM_adt2gex	baseline_linearmodel	1	1	0.29313225094690343	0.269886896164086	83.49203858148663	0.3669526025213948
totalvi_10x_pbmc_5k_PM_adt2gex	baseline_randomforest	1	1	0.21761500221747176	0.21911666572445676	133.13925215271726	0.6678257061973306
totalvi_10x_pbmc_5k_PM_adt2gex	dummy_constant	1	1	0	0	95.58595972911677	0.42765981810728576
totalvi_10x_pbmc_5k_PM_adt2gex	dummy_random	1	1	-0.0045322931691291505	-0.0037935547430539176	269.190216747917	1.1483885478120948
totalvi_10x_pbmc_5k_PM_adt2gex	dummy_solution	1	1	0.9924999999999999	0.9999999999999999	0	0
totalvi_10x_pbmc_5k_PM_adt2gex	dummy_zeros	1	1	0	0	498.38754840039275	2.721996089660438
totalvi_10x_pbmc_5k_PM_gex2adt	baseline_knn	1	1	0.44260198799691136	0.3959934196106652	63609.55294881135	1.4839110001467142
totalvi_10x_pbmc_5k_PM_gex2adt	baseline_linearmodel	1	1	0.3839693910475662	0.3458288956116434	400433.0826253949	20.43726003564052
totalvi_10x_pbmc_5k_PM_gex2adt	baseline_randomforest	1	1	0.386642008828571	0.30134000746079104	94697.63845797225	3.7412358501732426
totalvi_10x_pbmc_5k_PM_gex2adt	dummy_constant	1	1	0	0	121868.99504962044	3.390440410444687
totalvi_10x_pbmc_5k_PM_gex2adt	dummy_random	1	1	-0.0031116144791817238	-0.0058753231856934485	180593.1119438856	4.1752988856053594
totalvi_10x_pbmc_5k_PM_gex2adt	dummy_solution	1	1	1.0000000000000004	1	0	0
totalvi_10x_pbmc_5k_PM_gex2adt	dummy_zeros	1	1	0	0	173272.75104742133	10.112215745536549
totalvi_spleen_lymph_111_PM_adt2gex	baseline_knn	1	1	0.09459554550015084	0.09886533831061121	68.98714040795578	0.5634241820578021
totalvi_spleen_lymph_111_PM_adt2gex	baseline_linearmodel	1	1	0.1541586284310657	0.14550741414743676	31.149994822160938	0.3324542883994358
totalvi_spleen_lymph_111_PM_adt2gex	baseline_randomforest	1	1	0.12757945299774692	0.12613009314581028	70.8543219914519	0.7229211737589105
totalvi_spleen_lymph_111_PM_adt2gex	dummy_constant	1	1	0	0	30.816289656896718	0.3535348942297633
totalvi_spleen_lymph_111_PM_adt2gex	dummy_random	1	1	-0.0020895096551481265	-7.647025565593105e-4	145.18056579402614	0.9925273327721014
totalvi_spleen_lymph_111_PM_adt2gex	dummy_solution	1	1	1	1	0	0
totalvi_spleen_lymph_111_PM_adt2gex	dummy_zeros	1	1	0	0	141.53551137681535	1.8329640588314944
totalvi_spleen_lymph_111_PM_gex2adt	baseline_knn	1	1	0.23194453812338678	0.2089753824326458	5964.340920213526	0.751745381373521
totalvi_spleen_lymph_111_PM_gex2adt	baseline_linearmodel	1	1	0.30706088067343223	0.26684542623348806	4855.212290746407	2.3751990812083617
totalvi_spleen_lymph_111_PM_gex2adt	baseline_randomforest	1	1	0.2356116955431366	0.19535326950409812	5510.737517552049	0.9336958456399984
totalvi_spleen_lymph_111_PM_gex2adt	dummy_constant	1	1	0	0	6345.366454851281	1.115915750241598
totalvi_spleen_lymph_111_PM_gex2adt	dummy_random	1	1	0.0013145782333344107	-4.556465927346169e-4	10760.800358043927	1.7289849002430178
totalvi_spleen_lymph_111_PM_gex2adt	dummy_solution	1	1	0.9999999999999981	1	0	0
totalvi_spleen_lymph_111_PM_gex2adt	dummy_zeros	1	1	0	0	12196.110575888173	6.737155688686699
totalvi_spleen_lymph_206_PM_adt2gex	baseline_knn	1	1	0.10831884803757298	0.1103673528259217	79.64502064412449	0.5376175094970774
totalvi_spleen_lymph_206_PM_adt2gex	baseline_linearmodel	1	1	0.16501300482466066	0.15233459334034521	30.931791696563494	0.33031918744001065
totalvi_spleen_lymph_206_PM_adt2gex	baseline_randomforest	1	1	0.13976120392420557	0.13644576663270114	70.76829361567948	0.6871259834573026
totalvi_spleen_lymph_206_PM_adt2gex	dummy_constant	1	1	0	0	31.145210343883782	0.35460922809087747
totalvi_spleen_lymph_206_PM_adt2gex	dummy_random	1	1	-9.46104416096703e-4	0.0010665746331436565	192.9587958390152	0.987343349722076
totalvi_spleen_lymph_206_PM_adt2gex	dummy_solution	1	1	1.0000000000000002	1	0	0
totalvi_spleen_lymph_206_PM_adt2gex	dummy_zeros	1	1	0	0	139.35218928819623	1.8355909377783735
totalvi_spleen_lymph_206_PM_gex2adt	baseline_knn	1	1	0.16175630705513794	0.12615318204017598	1249.3708151135213	0.6011730274762557
totalvi_spleen_lymph_206_PM_gex2adt	baseline_linearmodel	1	1	0.2428048054081657	0.20058663283168374	1063.7354597548656	3.1127939457842433
totalvi_spleen_lymph_206_PM_gex2adt	baseline_randomforest	1	1	0.20953248617727838	0.1559946561631354	932.6903777222632	0.6274577083210442
totalvi_spleen_lymph_206_PM_gex2adt	dummy_constant	1	1	0	0	1199.1123572528884	0.7890499542629085
totalvi_spleen_lymph_206_PM_gex2adt	dummy_random	1	1	-0.001905153120308976	-0.0019947248724997463	2982.6664383485886	1.1328607804536832
totalvi_spleen_lymph_206_PM_gex2adt	dummy_solution	1	1	1.0000000000000033	1	0	0
totalvi_spleen_lymph_206_PM_gex2adt	dummy_zeros	1	1	0	0	1811.7081669006336	4.322199728424069
