dataset_id	method_id	correct_format	finished	mean_pearson	mean_spearman	mse	msle	dataset_loader	dataset_group	method_group	format_check	logp1_mse	logp1_msle
10x_5k_pbmc_protein_v3_nextgem_PM_adt2gex	baseline_knn	1	1	0.0288695796295261	0.025678618100911994	118.69835682542184	0.888912006790797	10x	adt2gex	baseline	1	2.078088188614011	0.2762117271884867
10x_5k_pbmc_protein_v3_nextgem_PM_adt2gex	baseline_linearmodel	1	1	0.12229363875823321	0.10882366815012763	40.89304036249653	0.43895986335651904	10x	adt2gex	baseline	1	1.6221418801688106	0.15804868040923534
10x_5k_pbmc_protein_v3_nextgem_PM_adt2gex	baseline_randomforest	0	0	-1	-1	Inf	Inf	10x	adt2gex	baseline	0	Inf	Inf
10x_5k_pbmc_protein_v3_nextgem_PM_adt2gex	dummy_meanpergene	1	1	0	0	14.347942608611383	0.11185273413192581	10x	adt2gex	dummy	1	1.1860501665485628	0.04604726837080991
10x_5k_pbmc_protein_v3_nextgem_PM_adt2gex	dummy_random	1	1	0.002924451469410863	0.0024820534914940197	366.65291569408015	1.6721076458751785	10x	adt2gex	dummy	1	2.5654380145205398	0.42685394971215884
10x_5k_pbmc_protein_v3_nextgem_PM_adt2gex	dummy_solution	1	1	0.9934999999999933	0.9999999999999994	0	0	10x	adt2gex	dummy	1	0	0
10x_5k_pbmc_protein_v3_nextgem_PM_adt2gex	dummy_zeros	1	1	0	0	319.5051476944511	1.7484213852236272	10x	adt2gex	dummy	1	2.5058350091975545	0.43908331908895626
10x_5k_pbmc_protein_v3_nextgem_PM_gex2adt	baseline_knn	1	1	0.21253472140032376	0.116179659241619	7225.215845234815	0.8574365559289032	10x	gex2adt	baseline	1	3.858910929691789	0.2689139885803655
10x_5k_pbmc_protein_v3_nextgem_PM_gex2adt	baseline_linearmodel	1	1	0.30405562540130654	0.1343205484568007	5915.013199113573	2.7696106281351356	10x	gex2adt	baseline	1	3.772029134272758	0.5762964932335142
10x_5k_pbmc_protein_v3_nextgem_PM_gex2adt	baseline_randomforest	1	1	0.29353741087474094	0.1285535071120668	106035.50007269243	5.734304374354036	10x	gex2adt	baseline	1	5.02545538461932	0.8282927415612847
10x_5k_pbmc_protein_v3_nextgem_PM_gex2adt	dummy_meanpergene	1	1	0	0	6394.293658638681	1.9742436632349982	10x	gex2adt	dummy	1	3.8058604911756175	0.47337654497396386
10x_5k_pbmc_protein_v3_nextgem_PM_gex2adt	dummy_random	1	1	0.0015234923815843095	0.0018739567215218438	21334.87121950398	1.5248975434851704	10x	gex2adt	dummy	1	4.329110381345694	0.4022437598004982
10x_5k_pbmc_protein_v3_nextgem_PM_gex2adt	dummy_solution	1	1	0.9687499999999853	1.0000000000000144	0	0	10x	gex2adt	dummy	1	0	0
10x_5k_pbmc_protein_v3_nextgem_PM_gex2adt	dummy_zeros	1	1	0	0	8724.947828607077	2.577040578266466	10x	gex2adt	dummy	1	3.940812612064073	0.5535238668521434
10x_5k_pbmc_protein_v3_PM_adt2gex	baseline_knn	1	1	0.1365699661182916	0.11710043920848216	105.7774090968432	0.7831588777478486	10x	adt2gex	baseline	1	2.0284793787002435	0.2511900401216203
10x_5k_pbmc_protein_v3_PM_adt2gex	baseline_linearmodel	1	1	0.23002394303603074	0.16197704975210114	9.621421578619433	0.15957549619496292	10x	adt2gex	baseline	1	1.0261826469180142	0.0642990293979022
10x_5k_pbmc_protein_v3_PM_adt2gex	baseline_randomforest	0	0	-1	-1	Inf	Inf	10x	adt2gex	baseline	0	Inf	Inf
10x_5k_pbmc_protein_v3_PM_adt2gex	dummy_meanpergene	1	1	0	0	10.847189378228498	0.12005873501927851	10x	adt2gex	dummy	1	1.0736153307422092	0.04924079733619748
10x_5k_pbmc_protein_v3_PM_adt2gex	dummy_random	1	1	1.9437231127933136e-4	5.601884164110138e-4	282.4388635715386	1.7843388665029947	10x	adt2gex	dummy	1	2.452459398055013	0.44472208973755323
10x_5k_pbmc_protein_v3_PM_adt2gex	dummy_solution	1	1	0.9929999999999947	0.9999999999999994	0	0	10x	adt2gex	dummy	1	0	0
10x_5k_pbmc_protein_v3_PM_adt2gex	dummy_zeros	1	1	0	0	248.65719124163823	1.8962370885675122	10x	adt2gex	dummy	1	2.3973440801911736	0.4618341107164155
10x_5k_pbmc_protein_v3_PM_gex2adt	baseline_knn	1	1	0.25279003730677313	0.13882638368935646	10837.926988765415	0.8299153826809922	10x	gex2adt	baseline	1	4.034986290880997	0.26243100793569785
10x_5k_pbmc_protein_v3_PM_gex2adt	baseline_linearmodel	1	1	0.29495686812420685	0.149964408217871	7847.729097557422	3.2276003043373165	10x	gex2adt	baseline	1	3.8947993394710805	0.6260939204929445
10x_5k_pbmc_protein_v3_PM_gex2adt	baseline_randomforest	1	1	0.3069239387755281	0.16684316489516382	9890.563668852035	1.3780595009371275	10x	gex2adt	baseline	1	3.9952649507554487	0.3762227168114279
10x_5k_pbmc_protein_v3_PM_gex2adt	dummy_meanpergene	1	1	0	0	9475.644104570936	1.8572898569639573	10x	gex2adt	dummy	1	3.976654570999059	0.45595429949883504
10x_5k_pbmc_protein_v3_PM_gex2adt	dummy_random	1	1	-0.0010399499491701811	-0.0016855215094470032	24704.51372164888	1.5094807258482394	10x	gex2adt	dummy	1	4.392793888954345	0.3995838644173989
10x_5k_pbmc_protein_v3_PM_gex2adt	dummy_solution	1	1	0.9374999999999993	0.9999999999999816	0	0	10x	gex2adt	dummy	1	0	0
10x_5k_pbmc_protein_v3_PM_gex2adt	dummy_zeros	1	1	0	0	12743.329144418998	2.6839854290237466	10x	gex2adt	dummy	1	4.105316979346669	0.5663179037975862
10x_e18_mouse_brain_fresh_5k_PM_atac2gex	baseline_knn	1	1	0.3191675063748598	0.40692836366291524	226.31517541300965	0.85600640270701	10x	atac2gex	baseline	1	2.356628429909457	0.26857947008086447
10x_e18_mouse_brain_fresh_5k_PM_atac2gex	baseline_linearmodel	1	1	0.4073923661136714	0.36853118036799637	53.27407040532724	0.27947501168103117	10x	atac2gex	baseline	1	1.7345923936871364	0.10703180847641815
10x_e18_mouse_brain_fresh_5k_PM_atac2gex	baseline_randomforest	1	1	0.4283429752840347	0.494536541509258	199.9456172141003	0.9283678562190424	10x	atac2gex	baseline	1	2.3030785383186037	0.28518988365776227
10x_e18_mouse_brain_fresh_5k_PM_atac2gex	dummy_meanpergene	1	1	0	0	57.468219500988845	0.4326199682505207	10x	atac2gex	dummy	1	1.7669198687189447	0.15613100018053758
10x_e18_mouse_brain_fresh_5k_PM_atac2gex	dummy_random	1	1	-1.230557118849565e-4	-0.003139109144645989	394.65014841651595	2.0830134488564136	10x	atac2gex	dummy	1	2.5973113329763597	0.48897541922906707
10x_e18_mouse_brain_fresh_5k_PM_atac2gex	dummy_solution	1	1	0.9955000000000004	1.0000000000000004	0	0	10x	atac2gex	dummy	1	0	0
10x_e18_mouse_brain_fresh_5k_PM_atac2gex	dummy_zeros	1	1	0	0	367.16371808392836	2.302584978920119	10x	atac2gex	dummy	1	2.566040987284965	0.518854001275594
10x_e18_mouse_brain_fresh_5k_PM_gex2atac	baseline_knn	1	1	0.2833868224139997	0.3675971136841004	44.46485416065103	1.4395091939054037	10x	gex2atac	baseline	1	1.6576758023225429	0.38730245919961115
10x_e18_mouse_brain_fresh_5k_PM_gex2atac	baseline_linearmodel	1	1	0.36364157695781707	0.32233094169031096	1.504868145783379	0.1246675036323929	10x	gex2atac	baseline	1	0.39878486989754747	0.05102414673094951
10x_e18_mouse_brain_fresh_5k_PM_gex2atac	baseline_randomforest	1	1	0.33072048107247515	0.3417627512203801	22.123674899434462	1.238744351961673	10x	gex2atac	baseline	1	1.3640568549093492	0.3500045031943416
10x_e18_mouse_brain_fresh_5k_PM_gex2atac	dummy_meanpergene	1	1	0	0	1.7786988049174055	0.16454602619941883	10x	gex2atac	dummy	1	0.4438414742867362	0.06615665777358959
10x_e18_mouse_brain_fresh_5k_PM_gex2atac	dummy_random	1	1	-0.0029487820688475926	-0.0054113672993432	38.35887064253754	2.1870170083482496	10x	gex2atac	dummy	1	1.5950426283581158	0.5033843812057944
10x_e18_mouse_brain_fresh_5k_PM_gex2atac	dummy_solution	1	1	0.9939999999999992	0.9999999999999999	0	0	10x	gex2atac	dummy	1	0	0
10x_e18_mouse_brain_fresh_5k_PM_gex2atac	dummy_zeros	1	1	0	0	28.21393802298843	2.2512897599309003	10x	gex2atac	dummy	1	1.4655901035800931	0.5120556762113904
10x_human_brain_3k_PM_atac2gex	baseline_knn	1	1	0.4337164050411072	0.5455624652941086	366.37887257533237	1.0140505808139566	10x	atac2gex	baseline	1	2.5651141770438763	0.3040703732148933
10x_human_brain_3k_PM_atac2gex	baseline_linearmodel	1	1	0.465623900325128	0.45811307451393807	86.68476225764188	0.49919253558132143	10x	atac2gex	baseline	1	1.9429241288005417	0.17585741121451878
10x_human_brain_3k_PM_atac2gex	baseline_randomforest	1	1	0.5153749016071953	0.5676987421731007	270.6531321328061	1.258800899106698	10x	atac2gex	baseline	1	2.4340147167695276	0.35387795193406407
10x_human_brain_3k_PM_atac2gex	dummy_meanpergene	1	1	0	0	104.95481903924599	0.6321839392301739	10x	atac2gex	dummy	1	2.0251207140865266	0.2127691000619861
10x_human_brain_3k_PM_atac2gex	dummy_random	1	1	-4.52093836128916e-4	-0.006619638817041653	652.1457980215424	2.852818580709057	10x	atac2gex	dummy	1	2.815010137183958	0.5857785596872981
10x_human_brain_3k_PM_atac2gex	dummy_solution	1	1	0.9969999999999993	0.9999999999999999	0	0	10x	atac2gex	dummy	1	0	0
10x_human_brain_3k_PM_atac2gex	dummy_zeros	1	1	0	0	775.1023269528328	3.0788292012181575	10x	atac2gex	dummy	1	2.889918985563844	0.6105355198496984
10x_human_brain_3k_PM_gex2atac	baseline_knn	1	1	0.4700055896434832	0.43956818754635424	27.209141992331237	1.0720849499664322	10x	gex2atac	baseline	1	1.4503898768798316	0.3164075563557173
10x_human_brain_3k_PM_gex2atac	baseline_linearmodel	1	1	0.4341835814784902	0.4423273198495805	26.717734046939558	0.91443116072651	10x	gex2atac	baseline	1	1.4427577233735887	0.28203975456768693
10x_human_brain_3k_PM_gex2atac	baseline_randomforest	1	1	0.54566868805595925	0.5055395317898801	19.990265147332543	0.9176225244590258	10x	gex2atac	baseline	1	1.322017924589838	0.2827631222932295
10x_human_brain_3k_PM_gex2atac	dummy_meanpergene	1	1	0	0	8.340270022906791	0.4285147601422427	10x	gex2atac	dummy	1	0.9703594316651348	0.1548847320937783
10x_human_brain_3k_PM_gex2atac	dummy_random	1	1	0.0028803283081295867	-0.0026475486170201247	62.034847705705225	2.6047308314359348	10x	gex2atac	dummy	1	1.799580707901121	0.5568728410980489
10x_human_brain_3k_PM_gex2atac	dummy_solution	1	1	0.9965	0.9999999999999999	0	0	10x	gex2atac	dummy	1	0	0
10x_human_brain_3k_PM_gex2atac	dummy_zeros	1	1	0	0	70.53124316721258	2.855886151437928	10x	gex2atac	dummy	1	1.8544957728700828	0.586124202478664
10x_lymph_node_lymphoma_14k_PM_atac2gex	baseline_knn	1	1	0.3754525051839893	0.2650508779025458	19.583600986505825	0.5578463006400648	10x	atac2gex	baseline	1	1.3135213544771482	0.19252460733099505
10x_lymph_node_lymphoma_14k_PM_atac2gex	baseline_linearmodel	1	1	0.343194099981671	0.34776606374978414	25.054645924852082	0.6410453151918729	10x	atac2gex	baseline	1	1.4158851756057245	0.21512057365885456
10x_lymph_node_lymphoma_14k_PM_atac2gex	baseline_randomforest	1	1	0.3774172862523864	0.3113576892108546	15.192462588097113	0.7214346541633914	10x	atac2gex	baseline	1	1.2093129023106615	0.23589054149036473
10x_lymph_node_lymphoma_14k_PM_atac2gex	dummy_meanpergene	1	1	0	0	9.134861818620234	0.2861421889617143	10x	atac2gex	dummy	1	1.0058178317838535	0.10928898450411018
10x_lymph_node_lymphoma_14k_PM_atac2gex	dummy_random	1	1	1.830727304786715e-4	-4.8919821684536e-4	58.81965654179512	1.2861320164520929	10x	atac2gex	dummy	1	1.7768439151742135	0.35910130583232025
10x_lymph_node_lymphoma_14k_PM_atac2gex	dummy_solution	1	1	0.995500000000001	1	0	0	10x	atac2gex	dummy	1	0	0
10x_lymph_node_lymphoma_14k_PM_atac2gex	dummy_zeros	1	1	0	0	50.22921567692304	1.471771077025548	10x	atac2gex	dummy	1	1.7095177068466347	0.3930082461140549
10x_lymph_node_lymphoma_14k_PM_gex2atac	baseline_knn	1	1	0.20736840706061602	0.15031492265889915	6.6851695676639835	0.8000685614038865	10x	gex2atac	baseline	1	0.8856534543326201	0.2552890469212604
10x_lymph_node_lymphoma_14k_PM_gex2atac	baseline_linearmodel	1	1	0.2593174100353843	0.261685881608281	3.935953683194266	0.5600509335415393	10x	gex2atac	baseline	1	0.6933710758170157	0.19313877771018845
10x_lymph_node_lymphoma_14k_PM_gex2atac	baseline_randomforest	1	1	0.27153058744372166	0.23355286437859624	4.166949658176758	0.6588827281161442	10x	gex2atac	baseline	1	0.7132342302155766	0.21981568540216537
10x_lymph_node_lymphoma_14k_PM_gex2atac	dummy_meanpergene	1	1	0	0	1.6182928008013011	0.19139641988753106	10x	gex2atac	dummy	1	0.41801821160429253	0.07605629072217965
10x_lymph_node_lymphoma_14k_PM_gex2atac	dummy_random	1	1	0.003957896959175582	0.001801841022766777	15.03704747571413	1.6398566319614638	10x	gex2atac	dummy	1	1.2051244148811597	0.42158034140061357
10x_lymph_node_lymphoma_14k_PM_gex2atac	dummy_solution	1	1	0.9959999999999993	0.9999999999999996	0	0	10x	gex2atac	dummy	1	0	0
10x_lymph_node_lymphoma_14k_PM_gex2atac	dummy_zeros	1	1	0	0	16.84655919200417	1.7804656891281954	10x	gex2atac	dummy	1	1.251554496752465	0.4441175402637615
10x_malt_10k_protein_v3_PM_adt2gex	baseline_knn	1	1	0.11838431194060274	0.1311916289301577	107.56761838813212	0.9051395625872691	10x	adt2gex	baseline	1	2.0357003109582203	0.2799267957814085
10x_malt_10k_protein_v3_PM_adt2gex	baseline_linearmodel	1	1	0.1495648723936775	0.15123396662308322	37.5403379438098	0.47227616287175705	10x	adt2gex	baseline	1	1.585915518479484	0.16798928062789398
10x_malt_10k_protein_v3_PM_adt2gex	baseline_randomforest	0	0	-1	-1	Inf	Inf	10x	adt2gex	baseline	0	Inf	Inf
10x_malt_10k_protein_v3_PM_adt2gex	dummy_meanpergene	1	1	0	0	21.992764954874136	0.12349023681811862	10x	adt2gex	dummy	1	1.3615911997356263	0.05056930273250401
10x_malt_10k_protein_v3_PM_adt2gex	dummy_random	1	1	-7.901194691816564e-4	0.001162089959608406	849.8084974768674	1.9992231724447875	10x	adt2gex	dummy	1	2.929831818782272	0.4770087828502863
10x_malt_10k_protein_v3_PM_adt2gex	dummy_solution	1	1	0.9935000000000168	0.9999999999999992	0	0	10x	adt2gex	dummy	1	0	0
10x_malt_10k_protein_v3_PM_adt2gex	dummy_zeros	1	1	0	0	555.6091726616243	2.1014931310020866	10x	adt2gex	dummy	1	2.745550359029112	0.4915708236531073
10x_malt_10k_protein_v3_PM_gex2adt	baseline_knn	1	1	0.1162452660653494	0.1551449497643007	100985.78995447824	0.9637378263433878	10x	gex2adt	baseline	1	5.004264567593632	0.2930835057662837
10x_malt_10k_protein_v3_PM_gex2adt	baseline_linearmodel	1	1	0.20736888850852941	0.20990519868660965	95905.70901106774	5.761518746336835	10x	gex2adt	baseline	1	4.981848988657338	0.8300442564551619
10x_malt_10k_protein_v3_PM_gex2adt	baseline_randomforest	1	1	0.1307220524917694	0.21023403521143394	717528.734624558	1.2537451768708499	10x	gex2adt	baseline	1	5.855839903058702	0.352904810319203
10x_malt_10k_protein_v3_PM_gex2adt	dummy_meanpergene	1	1	0	0	107843.12080802854	2.3253589549088427	10x	gex2adt	dummy	1	5.032796474239422	0.5218385319615276
10x_malt_10k_protein_v3_PM_gex2adt	dummy_random	1	1	-1.0558633150738827e-4	0.002205953902356688	267956.59066857275	1.5919559932906056	10x	gex2adt	dummy	1	5.428066064192775	0.4136276237289191
10x_malt_10k_protein_v3_PM_gex2adt	dummy_solution	1	1	1.0000000000000058	1.00000000000001	0	0	10x	gex2adt	dummy	1	0	0
10x_malt_10k_protein_v3_PM_gex2adt	dummy_zeros	1	1	0	0	110965.34362308943	6.776441476952951	10x	gex2adt	dummy	1	5.045191276127177	0.8907809079832982
10x_pbmc_10k_protein_v3_PM_adt2gex	baseline_knn	1	1	0.05112990212199955	0.04208635159806198	197.02465322610084	1.0232463890683667	10x	adt2gex	baseline	1	2.296719261441107	0.3060487739705172
10x_pbmc_10k_protein_v3_PM_adt2gex	baseline_linearmodel	1	1	0.0638558600679621	0.05453135860312208	49.6190200401124	0.36303532643411707	10x	adt2gex	baseline	1	1.7043137331712819	0.13450711179695288
10x_pbmc_10k_protein_v3_PM_adt2gex	baseline_randomforest	0	0	-1	-1	Inf	Inf	10x	adt2gex	baseline	0	Inf	Inf
10x_pbmc_10k_protein_v3_PM_adt2gex	dummy_meanpergene	1	1	0	0	38.94481002120031	0.11623099464662395	10x	adt2gex	dummy	1	1.6014603599810266	0.04775407750433898
10x_pbmc_10k_protein_v3_PM_adt2gex	dummy_random	1	1	-4.3496989057678403e-4	-7.29306516729871e-4	1902.152952381562	1.9775889448355224	10x	adt2gex	dummy	1	3.2794736930195274	0.4738647433451812
10x_pbmc_10k_protein_v3_PM_adt2gex	dummy_solution	1	1	0.9929999999999901	1.0000000000000018	0	0	10x	adt2gex	dummy	1	0	0
10x_pbmc_10k_protein_v3_PM_adt2gex	dummy_zeros	1	1	0	0	1086.048784113322	2.0680971771728505	10x	adt2gex	dummy	1	3.036249034606819	0.4868691110923162
10x_pbmc_10k_protein_v3_PM_gex2adt	baseline_knn	1	1	0.26530556046194825	0.2227510251703199	125528.85217124088	1.1325217376145713	10x	gex2adt	baseline	1	5.098747017383313	0.3288934667928748
10x_pbmc_10k_protein_v3_PM_gex2adt	baseline_linearmodel	1	1	0.3332664407043682	0.17988982173981194	85739.37560811055	4.895884970517273	10x	gex2adt	baseline	1	4.933185381719196	0.770549001791814
10x_pbmc_10k_protein_v3_PM_gex2adt	baseline_randomforest	1	1	0.2500385659829588	0.17278691333131177	243441.21670920108	2.539537051775238	10x	gex2adt	baseline	1	5.386395893918756	0.5489464628711999
10x_pbmc_10k_protein_v3_PM_gex2adt	dummy_meanpergene	1	1	0	0	97588.08887963629	2.6765369071432343	10x	gex2adt	dummy	1	4.989401263319751	0.5654389300216711
10x_pbmc_10k_protein_v3_PM_gex2adt	dummy_random	1	1	7.530514867869942e-4	2.6836187217694113e-4	200614.02269100535	1.9288795088291835	10x	gex2adt	dummy	1	5.3023634512542985	0.46670150560889023
10x_pbmc_10k_protein_v3_PM_gex2adt	dummy_solution	1	1	1.0000000000000064	1.0000000000000053	0	0	10x	gex2adt	dummy	1	0	0
10x_pbmc_10k_protein_v3_PM_gex2adt	dummy_zeros	1	1	0	0	104046.37449399706	7.354411286159139	10x	gex2adt	dummy	1	5.017231125805162	0.9219158516943198
10x_pbmc_1k_protein_v3_PM_adt2gex	baseline_knn	1	1	0.09052670309169453	0.14486752009508544	522.4709133837489	1.5308772344997579	10x	adt2gex	baseline	1	2.718892555149759	0.4032710793058585
10x_pbmc_1k_protein_v3_PM_adt2gex	baseline_linearmodel	1	1	0.16646254560610949	0.183385861947292	163.07706236835816	0.585791521371738	10x	adt2gex	baseline	1	2.215047871832319	0.2002460915130132
10x_pbmc_1k_protein_v3_PM_adt2gex	baseline_randomforest	1	1	0.1284110064027459	0.15614691511909157	471.16706916283266	1.2998414922187185	10x	adt2gex	baseline	1	2.674095694348843	0.3616979049624063
10x_pbmc_1k_protein_v3_PM_adt2gex	dummy_meanpergene	1	1	0	0	146.02103368724602	0.5557732926509494	10x	adt2gex	dummy	1	2.167379471896706	0.191946311854194
10x_pbmc_1k_protein_v3_PM_adt2gex	dummy_random	1	1	-0.0028116651604784535	6.66235340901295e-4	571.8783883474471	2.114946601121051	10x	adt2gex	dummy	1	2.7580624389392883	0.4934506060394118
10x_pbmc_1k_protein_v3_PM_adt2gex	dummy_solution	1	1	0.9944999999999997	1	0	0	10x	adt2gex	dummy	1	0	0
10x_pbmc_1k_protein_v3_PM_adt2gex	dummy_zeros	1	1	0	0	856.889210653788	2.7455755605775445	10x	adt2gex	dummy	1	2.9334312059041583	0.5735185626434129
10x_pbmc_1k_protein_v3_PM_gex2adt	baseline_knn	1	1	0.3034080278935	0.48307485474509115	836786.8647814499	2.9950223747152727	10x	gex2adt	baseline	1	5.922615373367525	0.6015192159874734
10x_pbmc_1k_protein_v3_PM_gex2adt	baseline_linearmodel	1	1	0.3747203639015482	0.5275484625272135	741732.6022667624	10.163432995625081	10x	gex2adt	baseline	1	5.8702479540131085	1.0477977700304302
10x_pbmc_1k_protein_v3_PM_gex2adt	baseline_randomforest	1	1	0.33834565947038586	0.5523137057762747	694095.7116655076	4.78757346321139	10x	gex2adt	baseline	1	5.841419986905014	0.7624965166765221
10x_pbmc_1k_protein_v3_PM_gex2adt	dummy_meanpergene	1	1	0	0	808444.4816177988	5.878492239066384	10x	gex2adt	dummy	1	5.907650738118886	0.837493251605357
10x_pbmc_1k_protein_v3_PM_gex2adt	dummy_random	1	1	0.012207139939945353	-0.012162669590134647	1213400.9410258674	5.545481722397786	10x	gex2adt	dummy	1	6.08400468533042	0.8159416144743183
10x_pbmc_1k_protein_v3_PM_gex2adt	dummy_solution	1	1	1.0000000000000007	1	0	0	10x	gex2adt	dummy	1	0	0
10x_pbmc_1k_protein_v3_PM_gex2adt	dummy_zeros	1	1	0	0	1004720.834363048	10.21435902616216	10x	gex2adt	dummy	1	6.002045840340897	1.049774455863165
10x_pbmc_granulocyte_sorted_10k_PM_atac2gex	baseline_knn	1	1	0.313001250280962	0.36271289020141245	78.03749471780114	0.540341236137799	10x	atac2gex	baseline	1	1.8978331657966991	0.18761694197621193
10x_pbmc_granulocyte_sorted_10k_PM_atac2gex	baseline_linearmodel	1	1	0.44210797551763126	0.28995795563489657	5.510658778927912	0.08687728645258812	10x	atac2gex	baseline	1	0.8136249347399315	0.036180512968591205
10x_pbmc_granulocyte_sorted_10k_PM_atac2gex	baseline_randomforest	0	0	-1	-1	Inf	Inf	10x	atac2gex	baseline	0	Inf	Inf
10x_pbmc_granulocyte_sorted_10k_PM_atac2gex	dummy_meanpergene	1	1	0	0	8.790304782041291	0.13972723058082948	10x	atac2gex	dummy	1	0.9907962120379044	0.05680092464510887
10x_pbmc_granulocyte_sorted_10k_PM_atac2gex	dummy_random	1	1	-0.001743759909171832	-0.0014885537533243837	112.9053223046112	1.414955229975024	10x	atac2gex	dummy	1	2.0565440172618996	0.3829090839260288
10x_pbmc_granulocyte_sorted_10k_PM_atac2gex	dummy_solution	1	1	0.9930000000000041	0.9999999999999996	0	0	10x	atac2gex	dummy	1	0	0
10x_pbmc_granulocyte_sorted_10k_PM_atac2gex	dummy_zeros	1	1	0	0	112.2802433871802	1.5563928397357456	10x	atac2gex	dummy	1	2.054154173445939	0.4076275924520112
10x_pbmc_granulocyte_sorted_10k_PM_gex2atac	baseline_knn	1	1	0.3631315821035945	0.43991038708095764	15.454054590895565	1.0117804154612742	10x	gex2atac	baseline	1	1.2162729338651177	0.3035805760072648
10x_pbmc_granulocyte_sorted_10k_PM_gex2atac	baseline_linearmodel	1	1	0.44966560082832496	0.34319792095342644	1.7646959691839534	0.13430864790880556	10x	gex2atac	baseline	1	0.4416473793421406	0.054731243132852596
10x_pbmc_granulocyte_sorted_10k_PM_gex2atac	baseline_randomforest	1	1	0.4301972419789601	0.4973728662527372	22.233723198799836	1.1058031065468428	10x	gex2atac	baseline	1	1.3661188109680258	0.3234177620357439
10x_pbmc_granulocyte_sorted_10k_PM_gex2atac	dummy_meanpergene	1	1	0	0	2.2149430163120636	0.19261629706414427	10x	gex2atac	dummy	1	0.5071732796177681	0.0765007396706884
10x_pbmc_granulocyte_sorted_10k_PM_gex2atac	dummy_random	1	1	-0.003045165718920503	-0.0034416539147321193	37.21531462337459	2.45682865162938	10x	gex2atac	dummy	1	1.5822374394445566	0.5386778529308553
10x_pbmc_granulocyte_sorted_10k_PM_gex2atac	dummy_solution	1	1	0.99549999999999506	1.0000000000000007	0	0	10x	gex2atac	dummy	1	0	0
10x_pbmc_granulocyte_sorted_10k_PM_gex2atac	dummy_zeros	1	1	0	0	35.27888762385592	2.5269619354030195	10x	gex2atac	dummy	1	1.5596539623398924	0.5474007725867892
10x_pbmc_granulocyte_sorted_3k_PM_atac2gex	baseline_knn	1	1	0.26365929895564133	0.3319316452846678	78.47920720681505	0.5920288107176518	10x	atac2gex	baseline	1	1.9002535264369886	0.20195092283788021
10x_pbmc_granulocyte_sorted_3k_PM_atac2gex	baseline_linearmodel	1	1	0.2603964556640316	0.2334307564537276	18.503805670898327	0.35500811788107967	10x	atac2gex	baseline	1	1.2901193611374642	0.13194189708525617
10x_pbmc_granulocyte_sorted_3k_PM_atac2gex	baseline_randomforest	1	1	0.3331797271995151	0.37393925844988557	184.2751015897237	0.6834645929650661	10x	atac2gex	baseline	1	2.2678170600704695	0.22620398663346386
10x_pbmc_granulocyte_sorted_3k_PM_atac2gex	dummy_meanpergene	1	1	0	0	19.32909300256094	0.32689131353332274	10x	atac2gex	dummy	1	1.3081180027024797	0.1228353509986841
10x_pbmc_granulocyte_sorted_3k_PM_atac2gex	dummy_random	1	1	0.0029319500803135536	0.0038068712450534605	246.47849499218455	1.4482168449343547	10x	atac2gex	dummy	1	2.393537466251402	0.3888498817691335
10x_pbmc_granulocyte_sorted_3k_PM_atac2gex	dummy_solution	1	1	0.9955000000000008	1	0	0	10x	atac2gex	dummy	1	0	0
10x_pbmc_granulocyte_sorted_3k_PM_atac2gex	dummy_zeros	1	1	0	0	133.06671008976434	1.8207558587078507	10x	atac2gex	dummy	1	2.1273209522054715	0.4503654988443565
10x_pbmc_granulocyte_sorted_3k_PM_gex2atac	baseline_knn	1	1	0.21872642182055133	0.27045410399808245	7.462800113313142	0.8668719548058532	10x	gex2atac	baseline	1	0.9275140831992283	0.2711145315386459
10x_pbmc_granulocyte_sorted_3k_PM_gex2atac	baseline_linearmodel	1	1	0.33546335722045134	0.34203069222354415	2.294176994242414	0.2752509393036844	10x	gex2atac	baseline	1	0.5177469298543018	0.10559565208893848
10x_pbmc_granulocyte_sorted_3k_PM_gex2atac	baseline_randomforest	1	1	0.28246716212836503	0.31683152502560674	5.934524171512607	0.7262234168464601	10x	gex2atac	baseline	1	0.8410166663067631	0.23709700367602174
10x_pbmc_granulocyte_sorted_3k_PM_gex2atac	dummy_meanpergene	1	1	0	0	2.600714274242311	0.34129721206806024	10x	gex2atac	dummy	1	0.5563886603762385	0.12752502189275966
10x_pbmc_granulocyte_sorted_3k_PM_gex2atac	dummy_random	1	1	-0.0014994147912030195	-0.001793904332536026	15.748932642897714	1.759382661622667	10x	gex2atac	dummy	1	1.2239871360254229	0.44081193110892514
10x_pbmc_granulocyte_sorted_3k_PM_gex2atac	dummy_solution	1	1	0.9940000000000002	1	0	0	10x	gex2atac	dummy	1	0	0
10x_pbmc_granulocyte_sorted_3k_PM_gex2atac	dummy_zeros	1	1	0	0	16.80987625264067	2.0179417625498806	10x	gex2atac	dummy	1	1.250660901889857	0.4797108549070136
10x_pbmc_unsorted_10k_PM_atac2gex	baseline_knn	1	1	0.31310129175439017	0.331395581285012	39.60648063554006	0.5409749556102357	10x	atac2gex	baseline	1	1.6085953508099622	0.18779558049086445
10x_pbmc_unsorted_10k_PM_atac2gex	baseline_linearmodel	1	1	0.43050451914862936	0.3060224330260218	7.761139425595882	0.1012227494977841	10x	atac2gex	baseline	1	0.9425605917923896	0.041875174642197796
10x_pbmc_unsorted_10k_PM_atac2gex	baseline_randomforest	1	1	0.38949506472673046	0.3957082734532724	38.83998819378786	0.6593921610801726	10x	atac2gex	baseline	1	1.600319201052526	0.2199490341657869
10x_pbmc_unsorted_10k_PM_atac2gex	dummy_meanpergene	1	1	0	0	11.414463629228703	0.1360351026646847	10x	atac2gex	dummy	1	1.0939279604674383	0.055391750968346996
10x_pbmc_unsorted_10k_PM_atac2gex	dummy_random	1	1	-0.0016440752077517245	-0.0014341706425783371	178.87067662436877	1.3974595661317697	10x	atac2gex	dummy	1	2.2549603683581716	0.37975129139893365
10x_pbmc_unsorted_10k_PM_atac2gex	dummy_solution	1	1	0.9949999999999988	0.9999999999999991	0	0	10x	atac2gex	dummy	1	0	0
10x_pbmc_unsorted_10k_PM_atac2gex	dummy_zeros	1	1	0	0	153.33055909695747	1.496175737794694	10x	atac2gex	dummy	1	2.1884519295183003	0.3972751576401116
10x_pbmc_unsorted_10k_PM_gex2atac	baseline_knn	1	1	0.33420692516551637	0.3363154453749496	11.050133928374768	0.9388114343918609	10x	gex2atac	baseline	1	1.0809918738014186	0.2875355723663012
10x_pbmc_unsorted_10k_PM_gex2atac	baseline_linearmodel	1	1	0.3950969951565246	0.3096866066113188	1.0953205385953149	0.14020602722849462	10x	gex2atac	baseline	1	0.32125047002056045	0.056983332392686
10x_pbmc_unsorted_10k_PM_gex2atac	baseline_randomforest	1	1	0.3854639489242488	0.33379357686061834	22.376238998802783	1.338424096919901	10x	gex2atac	baseline	1	1.3687746388422162	0.3689232776767078
10x_pbmc_unsorted_10k_PM_gex2atac	dummy_meanpergene	1	1	0	0	1.237072266233702	0.1326904428610031	10x	gex2atac	dummy	1	0.34968001374329605	0.05411123614205087
10x_pbmc_unsorted_10k_PM_gex2atac	dummy_random	1	1	8.216086150407145e-4	8.057405732134837e-4	24.68824983381664	2.0783422468192496	10x	gex2atac	dummy	1	1.4097345163563415	0.4883169025786801
10x_pbmc_unsorted_10k_PM_gex2atac	dummy_solution	1	1	0.9940000000000035	0.9999999999999993	0	0	10x	gex2atac	dummy	1	0	0
10x_pbmc_unsorted_10k_PM_gex2atac	dummy_zeros	1	1	0	0	22.657536424286665	2.0982971121882437	10x	gex2atac	dummy	1	1.373969517424456	0.4911230622278275
10x_pbmc_unsorted_3k_PM_atac2gex	baseline_knn	1	1	0.19425780210345528	0.2301922165483612	67.31435688054158	0.5391619652570049	10x	atac2gex	baseline	1	1.8345119841905784	0.18728432283101942
10x_pbmc_unsorted_3k_PM_atac2gex	baseline_linearmodel	1	1	0.21355860512329672	0.21102524675651838	35.73640529211539	0.29919295751939334	10x	atac2gex	baseline	1	1.5650966577352559	0.11367365774165367
10x_pbmc_unsorted_3k_PM_atac2gex	baseline_randomforest	1	1	0.23441530759167098	0.26387366277555024	57.092226443518236	0.6327095873486335	10x	atac2gex	baseline	1	1.7641180215718506	0.21290894295571836
10x_pbmc_unsorted_3k_PM_atac2gex	dummy_meanpergene	1	1	0	0	34.64109596334667	0.27605718973955634	10x	atac2gex	dummy	1	1.55195105012117	0.10587013883007429
10x_pbmc_unsorted_3k_PM_atac2gex	dummy_random	1	1	6.133690351985875e-4	6.294771605699349e-5	116.74257320954702	1.1741075472439353	10x	atac2gex	dummy	1	2.0709335228851478	0.3372810236598097
10x_pbmc_unsorted_3k_PM_atac2gex	dummy_solution	1	1	0.995	1	0	0	10x	atac2gex	dummy	1	0	0
10x_pbmc_unsorted_3k_PM_atac2gex	dummy_zeros	1	1	0	0	214.51066940646584	1.5838493490236525	10x	atac2gex	dummy	1	2.333468775887241	0.4122671885819332
10x_pbmc_unsorted_3k_PM_gex2atac	baseline_knn	1	1	0.14946992564722403	0.17483732209779368	9.165054039865744	0.9099690224711924	10x	gex2atac	baseline	1	1.007109691793842	0.2810263235414852
10x_pbmc_unsorted_3k_PM_gex2atac	baseline_linearmodel	1	1	0.1686037562802032	0.17205947684118003	4.7203141435047105	0.5267907383421511	10x	gex2atac	baseline	1	0.7574198796749047	0.18377951681341376
10x_pbmc_unsorted_3k_PM_gex2atac	baseline_randomforest	1	1	0.21293219727504928	0.23517828840773658	6.8406419118107245	0.771149188167683	10x	gex2atac	baseline	1	0.8943516197437718	0.24825514440246163
10x_pbmc_unsorted_3k_PM_gex2atac	dummy_meanpergene	1	1	0	0	3.9269254054093925	0.40699985731002936	10x	gex2atac	dummy	1	0.6925759870233725	0.14829405339105697
10x_pbmc_unsorted_3k_PM_gex2atac	dummy_random	1	1	-0.002466629787229543	-0.0013440357639253706	20.67929377523833	1.7824257874975629	10x	gex2atac	dummy	1	1.336045130517982	0.4444235897147024
10x_pbmc_unsorted_3k_PM_gex2atac	dummy_solution	1	1	0.9935000000000002	1	0	0	10x	gex2atac	dummy	1	0	0
10x_pbmc_unsorted_3k_PM_gex2atac	dummy_zeros	1	1	0	0	22.101955019085928	2.1007604987492163	10x	gex2atac	dummy	1	1.3636487339213272	0.49146822283567554
azimuth_ref_PM_adt2gex	baseline_knn	1	1	0.24514657974045137	0.24602419922288973	268.0385141614309	0.4072630706529824	azimuth	adt2gex	baseline	1	2.429814455803481	0.1483752910761399
azimuth_ref_PM_adt2gex	baseline_linearmodel	1	1	0.322170531423653	0.3132417876936194	130.89654580358805	0.2820600481035505	azimuth	adt2gex	baseline	1	2.120233422096143	0.10790836679690767
azimuth_ref_PM_adt2gex	baseline_randomforest	0	0	-1	-1	Inf	Inf	azimuth	adt2gex	baseline	0	Inf	Inf
azimuth_ref_PM_adt2gex	dummy_meanpergene	1	1	0	0	148.19322337967165	0.399503945492782	azimuth	adt2gex	dummy	1	2.173749097160425	0.1459741271704043
azimuth_ref_PM_adt2gex	dummy_random	1	1	4.3190846115075994e-4	6.00285271225881e-4	662.715962538557	1.0335942969825476	azimuth	adt2gex	dummy	1	2.821982262660949	0.30826431527499853
azimuth_ref_PM_adt2gex	dummy_solution	1	1	0.9999999999999967	1	0	0	azimuth	adt2gex	dummy	1	0	0
azimuth_ref_PM_adt2gex	dummy_zeros	1	1	0	0	687.0918607938713	2.758759335585219	azimuth	adt2gex	dummy	1	2.837646420754088	0.5750445197618792
azimuth_ref_PM_gex2adt	baseline_knn	1	1	0.3169147552477998	0.38585800789043384	7533.234259332771	0.45970111966955685	azimuth	gex2adt	baseline	1	3.8770391194448828	0.16426394115010015
azimuth_ref_PM_gex2adt	baseline_linearmodel	1	1	0.34184162325627243	0.37626535790298865	6285.254237388601	0.7923702747357679	azimuth	gex2adt	baseline	1	3.798391941374876	0.25342773281672737
azimuth_ref_PM_gex2adt	baseline_randomforest	0	0	-1	-1	Inf	Inf	azimuth	gex2adt	baseline	0	Inf	Inf
azimuth_ref_PM_gex2adt	dummy_meanpergene	1	1	0	0	8674.247755714074	0.7352213058175823	azimuth	gex2adt	dummy	1	3.93828188662176	0.23935487149933762
azimuth_ref_PM_gex2adt	dummy_random	1	1	7.613413473931008e-5	0.0016658825009810909	18280.443829310796	1.2433871651706414	azimuth	gex2adt	dummy	1	4.262010492401118	0.35090423086660005
azimuth_ref_PM_gex2adt	dummy_solution	1	1	0.9999999999999921	1	0	0	azimuth	gex2adt	dummy	1	0	0
azimuth_ref_PM_gex2adt	dummy_zeros	1	1	0	0	14052.4173844403	6.115873354912146	azimuth	gex2adt	dummy	1	4.147781944934268	0.8522282101043753
babel_GM12878_PM_atac2gex	baseline_knn	1	1	0.0061598989566339505	0.012931687948055355	1687.2499309953464	1.4314243895398067	babel	atac2gex	baseline	1	3.2274367406410924	0.3858607687772362
babel_GM12878_PM_atac2gex	baseline_linearmodel	1	1	-0.18884334140443357	-0.21467502845477532	52507.350809310185	9.405946318268352	babel	atac2gex	baseline	1	4.720228378110636	1.0172815811467977
babel_GM12878_PM_atac2gex	baseline_randomforest	1	1	0.15360869096010352	0.19029960890010222	740.399169486097	0.6496192283157586	babel	atac2gex	baseline	1	2.870052095197986	0.21738371019863206
babel_GM12878_PM_atac2gex	dummy_meanpergene	1	1	0	0	667.4655211594696	0.4213042480262222	babel	atac2gex	dummy	1	2.8250790116632984	0.15268705406787741
babel_GM12878_PM_atac2gex	dummy_random	1	1	-6.048676606101537e-6	0.001848798553173745	1488.770427517375	1.1465442280494473	babel	atac2gex	dummy	1	3.1731193491209906	0.3317398412431004
babel_GM12878_PM_atac2gex	dummy_solution	1	1	1	1	0	0	babel	atac2gex	dummy	1	0	0
babel_GM12878_PM_atac2gex	dummy_zeros	1	1	0	0	2157.1360999886256	2.8947388379756718	babel	atac2gex	dummy	1	3.3340788294155854	0.5904783413336929
babel_GM12878_PM_gex2atac	baseline_knn	1	1	4.6892145014128397e-4	3.781102858311775e-4	32.746746750507945	2.2726154455128773	babel	gex2atac	baseline	1	1.5282319123847612	0.5148949757620951
babel_GM12878_PM_gex2atac	baseline_linearmodel	1	1	6.636269623206201e-4	6.4862573101866e-4	23.602729955868373	1.8911131681630506	babel	gex2atac	baseline	1	1.3909832997452	0.46106509179061983
babel_GM12878_PM_gex2atac	baseline_randomforest	1	1	6.07109388194165e-4	5.45882477112416e-4	30.15288844840793	2.234000570633022	babel	gex2atac	baseline	1	1.493498319985502	0.5097400922007939
babel_GM12878_PM_gex2atac	dummy_meanpergene	1	1	0	0	20.574910776708663	1.7372649409523193	babel	gex2atac	dummy	1	1.3339490083611425	0.4373168349786204
babel_GM12878_PM_gex2atac	dummy_random	1	1	3.7766304692365e-6	-1.163853266814051e-6	43.31985564917584	2.7736913081218426	babel	gex2atac	dummy	1	1.646598337215218	0.5767663715410491
babel_GM12878_PM_gex2atac	dummy_solution	1	1	0.5349999999999997	0.535	0	0	babel	gex2atac	dummy	1	0	0
babel_GM12878_PM_gex2atac	dummy_zeros	1	1	0	0	47.078337205276725	2.8644612462532897	babel	gex2atac	dummy	1	1.681949439130698	0.5870889564462602
dyngen_atac_1_PM_atac2gex	baseline_knn	1	1	0.2017463427375131	0.204220570890138	21.86323562914621	1.2071260022957364	dyngen	atac2gex	baseline	1	1.3591376922204694	0.3438271272439862
dyngen_atac_1_PM_atac2gex	baseline_linearmodel	1	1	0.08610852382970752	0.10377518516729414	852.4307602048233	13.283322721997907	dyngen	atac2gex	baseline	1	2.931168292081373	1.154829248894551
dyngen_atac_1_PM_atac2gex	baseline_randomforest	1	1	0.2037037037037037	0.22315944567420856	20.973651629897926	1.1111063488309751	dyngen	atac2gex	baseline	1	1.3419022349330083	0.3245101118235644
dyngen_atac_1_PM_atac2gex	dummy_meanpergene	1	1	0	0	19.207832416119512	1.1022010215500562	dyngen	atac2gex	dummy	1	1.3055197316150393	0.3226742427938772
dyngen_atac_1_PM_atac2gex	dummy_random	1	1	-0.014520155528871969	-0.003094649478216175	35.31619930775985	1.6470503902482818	dyngen	atac2gex	dummy	1	1.5601003908942688	0.42276220877338117
dyngen_atac_1_PM_atac2gex	dummy_solution	1	1	0.992798353909465	0.992798353909465	0	0	dyngen	atac2gex	dummy	1	0	0
dyngen_atac_1_PM_atac2gex	dummy_zeros	1	1	0	0	33.03535836238732	2.5801837940327492	dyngen	atac2gex	dummy	1	1.531930327703596	0.5539053223660355
dyngen_atac_1_PM_gex2atac	baseline_knn	1	1	0.10364165780501126	0.11097589609299907	2897.863823163841	7.670724027122281	dyngen	gex2atac	baseline	1	3.462227814445172	0.9380553636648246
dyngen_atac_1_PM_gex2atac	baseline_linearmodel	1	1	0.02316115066843563	0.017031172546912773	18987.361388278292	22.595802585314733	dyngen	gex2atac	baseline	1	4.278487488658369	1.372834753980111
dyngen_atac_1_PM_gex2atac	baseline_randomforest	1	1	0.03773584905660377	0.02115398840469896	2440.806788660304	7.229362540922639	dyngen	gex2atac	baseline	1	3.3877112968167444	0.9153661953967318
dyngen_atac_1_PM_gex2atac	dummy_meanpergene	1	1	0	0	2319.022479998666	7.106263307865951	dyngen	gex2atac	dummy	1	3.365492193034035	0.9088207063999986
dyngen_atac_1_PM_gex2atac	dummy_random	1	1	-0.012024188421991508	-0.014212224288020643	3108.1937442792328	7.850088707497423	dyngen	gex2atac	dummy	1	3.492647785230625	0.9469476238033122
dyngen_atac_1_PM_gex2atac	dummy_solution	1	1	0.794339622371598	0.9264150943396228	0	0	dyngen	gex2atac	dummy	1	0	0
dyngen_atac_1_PM_gex2atac	dummy_zeros	1	1	0	0	4588.768025062223	12.024551091733699	dyngen	gex2atac	dummy	1	3.661790736085998	1.114762763699574
dyngen_atac_2_PM_atac2gex	baseline_knn	1	1	0.08530741862309511	0.10506349696962013	15.472488114002793	1.072078550927844	dyngen	atac2gex	baseline	1	1.2167592028472953	0.31640621516001033
dyngen_atac_2_PM_atac2gex	baseline_linearmodel	1	1	-0.10111167494877396	-0.07063988693406333	1899.589816968345	17.587118570200982	dyngen	atac2gex	baseline	1	3.278888398060161	1.2692120693817048
dyngen_atac_2_PM_atac2gex	baseline_randomforest	1	1	0.09943824129815937	0.11076503006638307	14.256057863808518	0.9786985362913363	dyngen	atac2gex	baseline	1	1.1834423272511823	0.2963796325095316
dyngen_atac_2_PM_atac2gex	dummy_meanpergene	1	1	0	0	13.979279612013364	0.9609142877827936	dyngen	atac2gex	dummy	1	1.1754909276457979	0.2924586109260723
dyngen_atac_2_PM_atac2gex	dummy_random	1	1	-0.014447145288925961	-0.009661897416423636	26.29509251031254	1.4867016683061194	dyngen	atac2gex	dummy	1	1.436084570583734	0.3956236857202544
dyngen_atac_2_PM_atac2gex	dummy_solution	1	1	0.9907407407407407	0.9907407407407407	0	0	dyngen	atac2gex	dummy	1	0	0
dyngen_atac_2_PM_atac2gex	dummy_zeros	1	1	0	0	25.303281874072304	2.2210512733235874	dyngen	atac2gex	dummy	1	1.4200099390174579	0.5079976380591422
dyngen_atac_2_PM_gex2atac	baseline_knn	1	1	0.10650199488502678	0.12021312767721404	2743.926901321215	7.31935476309856	dyngen	gex2atac	baseline	1	3.4385307834762613	0.9200896443565448
dyngen_atac_2_PM_gex2atac	baseline_linearmodel	1	1	-0.05092037861453509	-0.04485581363906833	10913.363112394962	18.93661605199937	dyngen	gex2atac	baseline	1	4.03799839832803	1.299651445116022
dyngen_atac_2_PM_gex2atac	baseline_randomforest	1	1	-0.010318949343339587	0.0028142589118198874	2571.829260970121	7.482602441308918	dyngen	gex2atac	baseline	1	3.410410966358467	0.9285291131655535
dyngen_atac_2_PM_gex2atac	dummy_meanpergene	1	1	0	0	2522.0800871389147	7.498299781403507	dyngen	gex2atac	dummy	1	3.401931036031044	0.9293320469597768
dyngen_atac_2_PM_gex2atac	dummy_random	1	1	0.010795336128603873	0.008363165228586463	3215.113232713576	7.961052423569074	dyngen	gex2atac	dummy	1	3.5073313309585554	0.9523590180223929
dyngen_atac_2_PM_gex2atac	dummy_solution	1	1	0.7992495299639171	0.9315196998123829	0	0	dyngen	gex2atac	dummy	1	0	0
dyngen_atac_2_PM_gex2atac	dummy_zeros	1	1	0	0	4473.885719746759	11.726838657476245	dyngen	gex2atac	dummy	1	3.6507819487207325	1.1047205384439172
dyngen_atac_3_PM_atac2gex	baseline_knn	1	1	0.19177692612655864	0.22667118845300047	1376575.5965362943	15.453617166087678	dyngen	atac2gex	baseline	1	6.138800381750081	1.2162613881573734
dyngen_atac_3_PM_atac2gex	baseline_linearmodel	1	1	0.11268965953966789	0.13783965465167872	32327693.37706528	85.95897865881423	dyngen	atac2gex	baseline	1	7.509574731675451	1.9393144302796417
dyngen_atac_3_PM_atac2gex	baseline_randomforest	1	1	0.19635005393402977	0.2451217225745275	1065946.0249269262	12.740614171132187	dyngen	atac2gex	baseline	1	6.027735621807254	1.1380061450359376
dyngen_atac_3_PM_atac2gex	dummy_meanpergene	1	1	0	0	1001023.6759983118	12.9848566640174	dyngen	atac2gex	dummy	1	6.0004447832913215	1.1456580194851427
dyngen_atac_3_PM_atac2gex	dummy_random	1	1	0.017750844498387718	0.020992749865462113	1505888.6350881995	16.9032660927652	dyngen	atac2gex	dummy	1	6.177793144090082	1.2529322665482667
dyngen_atac_3_PM_atac2gex	dummy_solution	1	1	0.9959349593495935	0.9959349593495935	0	0	dyngen	atac2gex	dummy	1	0	0
dyngen_atac_3_PM_atac2gex	dummy_zeros	1	1	0	0	1387754.7121338323	34.68082668559139	dyngen	atac2gex	dummy	1	6.142313023604761	1.55243490794712
dyngen_atac_3_PM_gex2atac	baseline_knn	1	1	0.11950970344284559	0.10768608429466728	3082.9186663952946	7.964000099820869	dyngen	gex2atac	baseline	1	3.4891029156819338	0.9525018526992186
dyngen_atac_3_PM_gex2atac	baseline_linearmodel	1	1	0.010880086701022591	5.267823560083597e-4	48034.42408335104	24.785349357450915	dyngen	gex2atac	baseline	1	4.6815616292470335	1.41137301989962
dyngen_atac_3_PM_gex2atac	baseline_randomforest	1	1	-0.010245901639344262	0.0389344262295082	2585.1867091770864	7.820649380814912	dyngen	gex2atac	baseline	1	3.4126598754702213	0.9455005592954244
dyngen_atac_3_PM_gex2atac	dummy_meanpergene	1	1	0	0	2371.037154886313	7.386440978716289	dyngen	gex2atac	dummy	1	3.375121487405431	0.9235776948893821
dyngen_atac_3_PM_gex2atac	dummy_random	1	1	0.004618911507111683	0.0021642496448720143	3231.528388059935	8.257781378114881	dyngen	gex2atac	dummy	1	3.509542347542732	0.96650692073288
dyngen_atac_3_PM_gex2atac	dummy_solution	1	1	0.7643442619561518	0.915983606557377	0	0	dyngen	gex2atac	dummy	1	0	0
dyngen_atac_3_PM_gex2atac	dummy_zeros	1	1	0	0	4189.4856415616505	11.179279426379928	dyngen	gex2atac	dummy	1	3.6222643569110486	1.085621594503406
dyngen_citeseq_1_PM_adt2gex	baseline_knn	1	1	0.03637079013579411	0.03607959201911441	33.34641187099081	1.5252529373275763	dyngen	adt2gex	baseline	1	1.535881373534628	0.40230488494340255
dyngen_citeseq_1_PM_adt2gex	baseline_linearmodel	1	1	0.21375017012275713	0.22824980597694228	186.3512162734193	3.2363634676966306	dyngen	adt2gex	baseline	1	2.2726565168539956	0.6269932142407308
dyngen_citeseq_1_PM_adt2gex	baseline_randomforest	1	1	-0.13340381242178864	-0.14356882006452834	28.923450212442443	1.428723467359998	dyngen	adt2gex	baseline	1	1.4760116667939487	0.38537806917465955
dyngen_citeseq_1_PM_adt2gex	dummy_meanpergene	1	1	0	0	19.207832416119512	1.1022010215500562	dyngen	adt2gex	dummy	1	1.3055197316150393	0.3226742427938772
dyngen_citeseq_1_PM_adt2gex	dummy_random	1	1	-0.005502517510901024	-7.567573463887683e-4	34.52770363207996	1.6395086579567613	dyngen	adt2gex	dummy	1	1.5505671373473036	0.4215230908858233
dyngen_citeseq_1_PM_adt2gex	dummy_solution	1	1	0.992798353909465	0.992798353909465	0	0	dyngen	adt2gex	dummy	1	0	0
dyngen_citeseq_1_PM_adt2gex	dummy_zeros	1	1	0	0	33.03535836238732	2.5801837940327492	dyngen	adt2gex	dummy	1	1.531930327703596	0.5539053223660355
dyngen_citeseq_1_PM_gex2adt	baseline_knn	1	1	0.0557368787859756	0.0532590352231694	2470229221.5378656	20.531659798704524	dyngen	gex2adt	baseline	1	9.392737255067097	1.3330775093234495
dyngen_citeseq_1_PM_gex2adt	baseline_linearmodel	1	1	0.0784229565147964	0.0821377274766978	11463165622.359034	126.5103458918184	dyngen	gex2adt	baseline	1	10.059304567274273	2.10554542384009
dyngen_citeseq_1_PM_gex2adt	baseline_randomforest	1	1	0.0488583515643352	0.0464530160286696	2136875944.348941	11.49060155199997	dyngen	gex2adt	baseline	1	9.32977931027158	1.0965833546610129
dyngen_citeseq_1_PM_gex2adt	dummy_meanpergene	1	1	0	0	2051948991.2514734	10.466792551722062	dyngen	gex2adt	dummy	1	9.312166560796966	1.05944195566159
dyngen_citeseq_1_PM_gex2adt	dummy_random	1	1	0.01183383444965818	0.008626850915437221	2428460723.508271	18.05435822183918	dyngen	gex2adt	dummy	1	9.385331084021836	1.2799943256924078
dyngen_citeseq_1_PM_gex2adt	dummy_solution	1	1	0.9999999999999996	1	0	0	dyngen	gex2adt	dummy	1	0	0
dyngen_citeseq_1_PM_gex2adt	dummy_zeros	1	1	0	0	4246788711.4272947	103.39889357631827	dyngen	gex2adt	dummy	1	9.628060654371996	2.01869589602021
dyngen_citeseq_2_PM_adt2gex	baseline_knn	1	1	-0.002761915125265566	0.007775364685163498	17.681234193260934	1.1610323449247606	dyngen	adt2gex	baseline	1	1.2714055649142382	0.3346612671688571
dyngen_citeseq_2_PM_adt2gex	baseline_linearmodel	1	1	-0.034286827683560256	-0.03093369869047211	43.49152898050956	3.6341764467145214	dyngen	adt2gex	baseline	1	1.6482773308185823	0.6659725655729909
dyngen_citeseq_2_PM_adt2gex	baseline_randomforest	1	1	0.024691358024691357	-0.028611138924235443	16.45189290038797	1.0559108255978376	dyngen	adt2gex	baseline	1	1.241842539123788	0.31300427336279085
dyngen_citeseq_2_PM_adt2gex	dummy_meanpergene	1	1	0	0	13.979279612013364	0.9609142877827936	dyngen	adt2gex	dummy	1	1.1754909276457979	0.2924586109260723
dyngen_citeseq_2_PM_adt2gex	dummy_random	1	1	0.004811280888035764	0.009294611776228298	23.356415337018113	1.439912266726106	dyngen	adt2gex	dummy	1	1.38661337123883	0.38737421045276543
dyngen_citeseq_2_PM_adt2gex	dummy_solution	1	1	0.9907407407407407	0.9907407407407407	0	0	dyngen	adt2gex	dummy	1	0	0
dyngen_citeseq_2_PM_adt2gex	dummy_zeros	1	1	0	0	25.303281874072304	2.2210512733235874	dyngen	adt2gex	dummy	1	1.4200099390174579	0.5079976380591422
dyngen_citeseq_2_PM_gex2adt	baseline_knn	1	1	0.1038441099187968	0.0928964201253254	2808010642.290865	19.54479290805007	dyngen	gex2adt	baseline	1	9.44839874958089	1.3127017679223294
dyngen_citeseq_2_PM_gex2adt	baseline_linearmodel	1	1	0.0616963503883904	0.046620340127697196	11459066968.549942	139.38173378013445	dyngen	gex2adt	baseline	1	10.059149257555267	2.147310601849491
dyngen_citeseq_2_PM_gex2adt	baseline_randomforest	1	1	0.0576977721104192	0.0570396627972584	2536224574.225294	17.11157827808409	dyngen	gex2adt	baseline	1	9.40418770641116	1.2579562972271885
dyngen_citeseq_2_PM_gex2adt	dummy_meanpergene	1	1	0	0	2544146351.0318584	17.471417664218208	dyngen	gex2adt	dummy	1	9.405542090487256	1.2665002284191247
dyngen_citeseq_2_PM_gex2adt	dummy_random	1	1	0.002962680543669519	-2.673877973820995e-4	2975536946.36606	23.152772468499823	dyngen	gex2adt	dummy	1	9.473565347286943	1.3829669901045625
dyngen_citeseq_2_PM_gex2adt	dummy_solution	1	1	1.0000000000000004	1	0	0	dyngen	gex2adt	dummy	1	0	0
dyngen_citeseq_2_PM_gex2adt	dummy_zeros	1	1	0	0	4539886089.993798	103.762320577734	dyngen	gex2adt	dummy	1	9.657044956232996	2.0202051098652856
dyngen_citeseq_3_PM_adt2gex	baseline_knn	1	1	0.03340456649937042	0.02801510941852239	1283798.5752275083	15.440149791687382	dyngen	adt2gex	baseline	1	6.108497227652684	1.215905770223916
dyngen_citeseq_3_PM_adt2gex	baseline_linearmodel	1	1	0.10233913711973568	0.12505807725917736	4288989.712249775	43.291283862381036	dyngen	adt2gex	baseline	1	6.632355105781381	1.6463182692724847
dyngen_citeseq_3_PM_adt2gex	baseline_randomforest	1	1	0.050233632202696	0.07122414022493842	1112320.784805673	13.419178828750445	dyngen	adt2gex	baseline	1	6.046230442955921	1.1589405280465712
dyngen_citeseq_3_PM_adt2gex	dummy_meanpergene	1	1	0	0	1001023.6759983118	12.9848566640174	dyngen	adt2gex	dummy	1	6.0004447832913215	1.1456580194851427
dyngen_citeseq_3_PM_adt2gex	dummy_random	1	1	-0.021684164603712683	-0.025699402085759597	1473812.7777915027	17.139299486945852	dyngen	adt2gex	dummy	1	6.168442612161568	1.258620511234094
dyngen_citeseq_3_PM_adt2gex	dummy_solution	1	1	0.9959349593495935	0.9959349593495935	0	0	dyngen	adt2gex	dummy	1	0	0
dyngen_citeseq_3_PM_adt2gex	dummy_zeros	1	1	0	0	1387754.7121338323	34.68082668559139	dyngen	adt2gex	dummy	1	6.142313023604761	1.55243490794712
dyngen_citeseq_3_PM_gex2adt	baseline_knn	1	1	0.0862615716814754	0.0329043841282468	2046433677.1664546	17.72325302632302	dyngen	gex2adt	baseline	1	9.310997674379252	1.2723813064023637
dyngen_citeseq_3_PM_gex2adt	baseline_linearmodel	1	1	0.013652095490415598	0.03629536283926861	22265819992.056923	177.95697475484022	dyngen	gex2adt	baseline	1	10.34763869371392	2.2527486294570105
dyngen_citeseq_3_PM_gex2adt	baseline_randomforest	1	1	-0.007791575312006998	0.018637057594007203	1734814411.536	15.26148939506204	dyngen	gex2adt	baseline	1	9.23925302153463	1.2111603202515273
dyngen_citeseq_3_PM_gex2adt	dummy_meanpergene	1	1	0	0	1605890678.4761016	15.252900725040739	dyngen	gex2adt	dummy	1	9.205715977482978	1.2109308826351295
dyngen_citeseq_3_PM_gex2adt	dummy_random	1	1	-0.00770902760758938	-0.0077226774338437	2118706211.0980875	21.334697298303265	dyngen	gex2adt	dummy	1	9.326070739952733	1.348980070863492
dyngen_citeseq_3_PM_gex2adt	dummy_solution	1	1	1.0000000000000007	1	0	0	dyngen	gex2adt	dummy	1	0	0
dyngen_citeseq_3_PM_gex2adt	dummy_zeros	1	1	0	0	3070743316.00189	96.94201852624302	dyngen	gex2adt	dummy	1	9.487243515346137	1.990969050323157
totalvi_10x_malt_10k_PM_adt2gex	baseline_knn	1	1	0.10205777163596592	0.07994920636582728	160.94918376588078	0.5461606629098578	totalvi	adt2gex	baseline	1	2.2093787634800814	0.1892546198474294
totalvi_10x_malt_10k_PM_adt2gex	baseline_linearmodel	1	1	0.09288494057829635	0.10710641680906047	73.03440072145874	0.2803283225848243	totalvi	adt2gex	baseline	1	1.8694335652979408	0.1073213527751003
totalvi_10x_malt_10k_PM_adt2gex	baseline_randomforest	1	1	0.07763839727994007	0.06770713370318128	222.5619133302911	0.7681702768397372	totalvi	adt2gex	baseline	1	2.3493978178218047	0.2475240857511664
totalvi_10x_malt_10k_PM_adt2gex	dummy_meanpergene	1	1	0	0	73.29505944131475	0.2625090585219025	totalvi	adt2gex	dummy	1	1.8709599345046515	0.10123450287146171
totalvi_10x_malt_10k_PM_adt2gex	dummy_random	1	1	1.0384642832201046e-4	-5.705342023275955e-4	381.1739867209391	0.9444764815753891	totalvi	adt2gex	dummy	1	2.5822611227817043	0.28880269472760306
totalvi_10x_malt_10k_PM_adt2gex	dummy_solution	1	1	0.9954999999999996	1	0	0	totalvi	adt2gex	dummy	1	0	0
totalvi_10x_malt_10k_PM_adt2gex	dummy_zeros	1	1	0	0	337.61526538609246	2.256993861988777	totalvi	adt2gex	dummy	1	2.5297065329917676	0.512816940110186
totalvi_10x_malt_10k_PM_gex2adt	baseline_knn	1	1	0.45663531893566	0.5656216991019815	474930.53612683027	1.528424511101875	totalvi	gex2adt	baseline	1	5.676631008308354	0.40284999182211156
totalvi_10x_malt_10k_PM_gex2adt	baseline_linearmodel	1	1	0.5279114646171872	0.6150660012536243	1138645.4835901053	35.243511803202615	totalvi	gex2adt	baseline	1	6.056388909279334	1.5592302718651578
totalvi_10x_malt_10k_PM_gex2adt	baseline_randomforest	1	1	0.5623728177479635	0.63213126707183	407310.09836481174	1.5654594754484403	totalvi	gex2adt	baseline	1	5.609926243852088	0.40916515883621873
totalvi_10x_malt_10k_PM_gex2adt	dummy_meanpergene	1	1	0	0	783123.7109328493	3.5172330849477227	totalvi	gex2adt	dummy	1	5.893830928031388	0.654872500323392
totalvi_10x_malt_10k_PM_gex2adt	dummy_random	1	1	0.002705053346121143	-7.194477149707072e-5	1291850.483986141	4.4433381868715065	totalvi	gex2adt	dummy	1	6.111212588432508	0.7358653172547105
totalvi_10x_malt_10k_PM_gex2adt	dummy_solution	1	1	1	1	0	0	totalvi	gex2adt	dummy	1	0	0
totalvi_10x_malt_10k_PM_gex2adt	dummy_zeros	1	1	0	0	1042704.695040257	18.198080433617378	totalvi	gex2adt	dummy	1	6.018161745572946	1.283257806892933
totalvi_10x_pbmc_10k_PM_adt2gex	baseline_knn	1	1	0.15099910719101325	0.15836175768985644	82.9559517468407	0.4754210747144238	totalvi	adt2gex	baseline	1	1.9240514892672556	0.16891598257011337
totalvi_10x_pbmc_10k_PM_adt2gex	baseline_linearmodel	1	1	0.19291660908566013	0.2049331933799283	46.660929347362654	0.2876506130546474	totalvi	adt2gex	baseline	1	1.6781625064639898	0.10979803895046808
totalvi_10x_pbmc_10k_PM_adt2gex	baseline_randomforest	1	1	0.17571540402635671	0.17957240323524684	96.88726700775929	0.5677192972683699	totalvi	adt2gex	baseline	1	1.9907262032647302	0.195268304164342
totalvi_10x_pbmc_10k_PM_adt2gex	dummy_meanpergene	1	1	0	0	48.239132986845014	0.30087763505000487	totalvi	adt2gex	dummy	1	1.6923103971767437	0.11423644727499065
totalvi_10x_pbmc_10k_PM_adt2gex	dummy_random	1	1	-0.0038130612155214817	-0.005017195080419299	158.2401012160243	0.9839344601997005	totalvi	adt2gex	dummy	1	2.202052444957946	0.2975273210219095
totalvi_10x_pbmc_10k_PM_adt2gex	dummy_solution	1	1	0.9914999999999995	1	0	0	totalvi	adt2gex	dummy	1	0	0
totalvi_10x_pbmc_10k_PM_adt2gex	dummy_zeros	1	1	0	0	224.7647869374429	2.2513837098476053	totalvi	adt2gex	dummy	1	2.3536562049435665	0.512068225489958
totalvi_10x_pbmc_10k_PM_gex2adt	baseline_knn	1	1	0.37822867877498284	0.36333007305619214	825348.9649525615	2.4924468250758354	totalvi	gex2adt	baseline	1	5.916638137180534	0.5431298024019826
totalvi_10x_pbmc_10k_PM_gex2adt	baseline_linearmodel	1	1	0.46206289180685073	0.4132244694558986	1393112.9525970845	26.022756434637035	totalvi	gex2adt	baseline	1	6.143986641879836	1.4317296468065033
totalvi_10x_pbmc_10k_PM_gex2adt	baseline_randomforest	1	1	0.5445030989265386	0.45703457750672216	809587.2164214524	2.9474101673290938	totalvi	gex2adt	baseline	1	5.9082641783737095	0.5963122553928861
totalvi_10x_pbmc_10k_PM_gex2adt	dummy_meanpergene	1	1	0	0	979904.1407622442	4.2628003826018155	totalvi	gex2adt	dummy	1	5.991184036062423	0.7212168975911659
totalvi_10x_pbmc_10k_PM_gex2adt	dummy_random	1	1	-0.00501095255583645	-9.283590953798574e-4	2239758.274005997	4.675457145933733	totalvi	gex2adt	dummy	1	6.350201343517704	0.7540008487656725
totalvi_10x_pbmc_10k_PM_gex2adt	dummy_solution	1	1	1	1	0	0	totalvi	gex2adt	dummy	1	0	0
totalvi_10x_pbmc_10k_PM_gex2adt	dummy_zeros	1	1	0	0	1277338.4028396078	20.64707509212695	totalvi	gex2adt	dummy	1	6.106306309319533	1.335399223684133
totalvi_10x_pbmc_5k_PM_adt2gex	baseline_knn	1	1	0.21444657513203216	0.21683640716386457	141.91337683398194	0.5762801299370796	totalvi	adt2gex	baseline	1	2.1550728810882998	0.19763340101831692
totalvi_10x_pbmc_5k_PM_adt2gex	baseline_linearmodel	1	1	0.29313225094690343	0.269886896164086	83.49203858148663	0.3669526025213948	totalvi	adt2gex	baseline	1	1.9268157886772337	0.13575345617698004
totalvi_10x_pbmc_5k_PM_adt2gex	baseline_randomforest	1	1	0.21761500221747176	0.21911666572445676	133.13925215271726	0.6678257061973306	totalvi	adt2gex	baseline	1	2.1275558807518107	0.2221506633330249
totalvi_10x_pbmc_5k_PM_adt2gex	dummy_meanpergene	1	1	0	0	95.58595972911677	0.42765981810728576	totalvi	adt2gex	dummy	1	1.984913999548631	0.15462473634838808
totalvi_10x_pbmc_5k_PM_adt2gex	dummy_random	1	1	-0.0045322931691291505	-0.0037935547430539176	269.190216747917	1.1483885478120948	totalvi	adt2gex	dummy	1	2.4316696197070486	0.3321128286619107
totalvi_10x_pbmc_5k_PM_adt2gex	dummy_solution	1	1	0.9924999999999999	0.9999999999999999	0	0	totalvi	adt2gex	dummy	1	0	0
totalvi_10x_pbmc_5k_PM_adt2gex	dummy_zeros	1	1	0	0	498.38754840039275	2.721996089660438	totalvi	adt2gex	dummy	1	2.698437709564355	0.5707759125239835
totalvi_10x_pbmc_5k_PM_gex2adt	baseline_knn	1	1	0.44260198799691136	0.3959934196106652	63609.55294881135	1.4839110001467142	totalvi	gex2adt	baseline	1	4.803529170793854	0.39513603078086
totalvi_10x_pbmc_5k_PM_gex2adt	baseline_linearmodel	1	1	0.3839693910475662	0.3458288956116434	400433.0826253949	20.43726003564052	totalvi	gex2adt	baseline	1	5.602531035006567	1.3311692760093319
totalvi_10x_pbmc_5k_PM_gex2adt	baseline_randomforest	1	1	0.386642008828571	0.30134000746079104	94697.63845797225	3.7412358501732426	totalvi	gex2adt	baseline	1	4.976343734922594	0.6758915595967736
totalvi_10x_pbmc_5k_PM_gex2adt	dummy_meanpergene	1	1	0	0	121868.99504962044	3.390440410444687	totalvi	gex2adt	dummy	1	5.085896793490474	0.6425080870376623
totalvi_10x_pbmc_5k_PM_gex2adt	dummy_random	1	1	-0.0031116144791817238	-0.0058753231856934485	180593.1119438856	4.1752988856053594	totalvi	gex2adt	dummy	1	5.256703586553535	0.7139354363745212
totalvi_10x_pbmc_5k_PM_gex2adt	dummy_solution	1	1	1.0000000000000004	1	0	0	totalvi	gex2adt	dummy	1	0	0
totalvi_10x_pbmc_5k_PM_gex2adt	dummy_zeros	1	1	0	0	173272.75104742133	10.112215745536549	totalvi	gex2adt	dummy	1	5.238732777147365	1.0458006647117801
totalvi_spleen_lymph_111_PM_adt2gex	baseline_knn	1	1	0.09459554550015084	0.09886533831061121	68.98714040795578	0.5634241820578021	totalvi	adt2gex	baseline	1	1.8450182491154106	0.19407682506579907
totalvi_spleen_lymph_111_PM_adt2gex	baseline_linearmodel	1	1	0.1541586284310657	0.14550741414743676	31.149994822160938	0.3324542883994358	totalvi	adt2gex	baseline	1	1.5071809073160072	0.1246523189095594
totalvi_spleen_lymph_111_PM_adt2gex	baseline_randomforest	1	1	0.12757945299774692	0.12613009314581028	70.8543219914519	0.7229211737589105	totalvi	adt2gex	baseline	1	1.8564528957908648	0.23626540827527953
totalvi_spleen_lymph_111_PM_adt2gex	dummy_meanpergene	1	1	0	0	30.816289656896718	0.3535348942297633	totalvi	adt2gex	dummy	1	1.5026495318319364	0.1314694563947368
totalvi_spleen_lymph_111_PM_adt2gex	dummy_random	1	1	-0.0020895096551481265	-7.647025565593105e-4	145.18056579402614	0.9925273327721014	totalvi	adt2gex	dummy	1	2.1648896384943757	0.2994042876042508
totalvi_spleen_lymph_111_PM_adt2gex	dummy_solution	1	1	1	1	0	0	totalvi	adt2gex	dummy	1	0	0
totalvi_spleen_lymph_111_PM_adt2gex	dummy_zeros	1	1	0	0	141.53551137681535	1.8329640588314944	totalvi	adt2gex	dummy	1	2.1539230781948033	0.4522410647604058
totalvi_spleen_lymph_111_PM_gex2adt	baseline_knn	1	1	0.23194453812338678	0.2089753824326458	5964.340920213526	0.751745381373521	totalvi	gex2adt	baseline	1	3.7756352687166044	0.2434709811125872
totalvi_spleen_lymph_111_PM_gex2adt	baseline_linearmodel	1	1	0.30706088067343223	0.26684542623348806	4855.212290746407	2.3751990812083617	totalvi	gex2adt	baseline	1	3.6862976637930025	0.5282993941508474
totalvi_spleen_lymph_111_PM_gex2adt	baseline_randomforest	1	1	0.2356116955431366	0.19535326950409812	5510.737517552049	0.9336958456399984	totalvi	gex2adt	baseline	1	3.7412885272244876	0.28638816418949353
totalvi_spleen_lymph_111_PM_gex2adt	dummy_meanpergene	1	1	0	0	6345.366454851281	1.115915750241598	totalvi	gex2adt	dummy	1	3.8025251457229268	0.3254983713340342
totalvi_spleen_lymph_111_PM_gex2adt	dummy_random	1	1	0.0013145782333344107	-4.556465927346169e-4	10760.800358043927	1.7289849002430178	totalvi	gex2adt	dummy	1	4.031884931196436	0.4360011326800549
totalvi_spleen_lymph_111_PM_gex2adt	dummy_solution	1	1	0.9999999999999981	1	0	0	totalvi	gex2adt	dummy	1	0	0
totalvi_spleen_lymph_111_PM_gex2adt	dummy_zeros	1	1	0	0	12196.110575888173	6.737155688686699	totalvi	gex2adt	dummy	1	4.0862569610378205	0.8885813359111407
totalvi_spleen_lymph_206_PM_adt2gex	baseline_knn	1	1	0.10831884803757298	0.1103673528259217	79.64502064412449	0.5376175094970774	totalvi	adt2gex	baseline	1	1.9065775574219446	0.18684831584649467
totalvi_spleen_lymph_206_PM_adt2gex	baseline_linearmodel	1	1	0.16501300482466066	0.15233459334034521	30.931791696563494	0.33031918744001065	totalvi	adt2gex	baseline	1	1.504223287537254	0.1239558550367426
totalvi_spleen_lymph_206_PM_adt2gex	baseline_randomforest	1	1	0.13976120392420557	0.13644576663270114	70.76829361567948	0.6871259834573026	totalvi	adt2gex	baseline	1	1.855932620440142	0.2271475140517388
totalvi_spleen_lymph_206_PM_adt2gex	dummy_meanpergene	1	1	0	0	31.145210343883782	0.35460922809087747	totalvi	adt2gex	dummy	1	1.5071162719357163	0.13181402985242982
totalvi_spleen_lymph_206_PM_adt2gex	dummy_random	1	1	-9.46104416096703e-4	0.0010665746331436565	192.9587958390152	0.987343349722076	totalvi	adt2gex	dummy	1	2.287709479206663	0.29827290586560967
totalvi_spleen_lymph_206_PM_adt2gex	dummy_solution	1	1	1.0000000000000002	1	0	0	totalvi	adt2gex	dummy	1	0	0
totalvi_spleen_lymph_206_PM_adt2gex	dummy_zeros	1	1	0	0	139.35218928819623	1.8355909377783735	totalvi	adt2gex	dummy	1	2.1472191913799157	0.45264357972713193
totalvi_spleen_lymph_206_PM_gex2adt	baseline_knn	1	1	0.16175630705513794	0.12615318204017598	1249.3708151135213	0.6011730274762557	totalvi	gex2adt	baseline	1	3.09703882826843	0.20443826559688918
totalvi_spleen_lymph_206_PM_gex2adt	baseline_linearmodel	1	1	0.2428048054081657	0.20058663283168374	1063.7354597548656	3.1127939457842433	totalvi	gex2adt	baseline	1	3.0272417179720414	0.6141369515586395
totalvi_spleen_lymph_206_PM_gex2adt	baseline_randomforest	1	1	0.20953248617727838	0.1559946561631354	932.6903777222632	0.6274577083210442	totalvi	gex2adt	baseline	1	2.9702028831469454	0.2115097116602326
totalvi_spleen_lymph_206_PM_gex2adt	dummy_meanpergene	1	1	0	0	1199.1123572528884	0.7890499542629085	totalvi	gex2adt	dummy	1	3.0792219075898393	0.25262246720674775
totalvi_spleen_lymph_206_PM_gex2adt	dummy_random	1	1	-0.001905153120308976	-0.0019947248724997463	2982.6664383485886	1.1328607804536832	totalvi	gex2adt	dummy	1	3.4747502691753365	0.3289625084011439
totalvi_spleen_lymph_206_PM_gex2adt	dummy_solution	1	1	1.0000000000000033	1	0	0	totalvi	gex2adt	dummy	1	0	0
totalvi_spleen_lymph_206_PM_gex2adt	dummy_zeros	1	1	0	0	1811.7081669006336	4.322199728424069	totalvi	gex2adt	dummy	1	3.2583278914058322	0.7260911684725759
